"Anatomical Strucures, Cell Types and Biomarkers Table for Brain v1.0",,,,,,,,,,,,,,,,,,,,,,,,,,,,,,,,,,,,,,,,,,,,,,,,,
,,,,,,,,,,,,,,,,,,,,,,,,,,,,,,,,,,,,,,,,,,,,,,,,,
Author Name(s):,Song-Lin Ding; Jeremy A. Miller; Amy Bernard,,,,,,,,,,,,,,,,,,,,,,,,,,,,,,,,,,,,,,,,,,,,,,,,
Author ORCID(s):,0000-0002-7072-5272; 0000-0003-4549-588X; 0000-0003-2540-1153,,,,,,,,,,,,,,,,,,,,,,,,,,,,,,,,,,,,,,,,,,,,,,,,
Reviewer(s):,David Osumi-Sutherland; Ellen Quardokus,,,,,,,,,,,,,,,,,,,,,,,,,,,,,,,,,,,,,,,,,,,,,,,,
General Publication(s):,10.1002/cne.24080,,,,,,,,,,,,,,,,,,,,,,,,,,,,,,,,,,,,,,,,,,,,,,,,
Data DOI:,10.48539/HBM264.CCRF.525,,,,,,,,,,,,,,,,,,,,,,,,,,,,,,,,,,,,,,,,,,,,,,,,
Date:,3/12/2021,,,,,,,,,,,,,,,,,,,,,,,,,,,,,,,,,,,,,,,,,,,,,,,,
Version Number:,v1.0,,,,,,,,,,,,,,,,,,,,,,,,,,,,,,,,,,,,,,,,,,,,,,,,
,,,,,,,,,,,,,,,,,,,,,,,,,,,,,,,,,,,,,,,,,,,,,,,,,
AS/1,AS/1/LABEL,AS/1/ID,AS/2,AS/2/LABEL,AS/2/ID,AS/3,AS/3/LABEL,AS/3/ID,AS/4,AS/4/LABEL,AS/4/ID,AS/5,AS/5/LABEL,AS/5/ID,AS/6,AS/6/LABEL,AS/6/ID,AS/7,AS/7/LABEL,AS/7/ID,CT/1,CT/1/LABEL,CT/1/ID,All Gene Biomarkers,BG/1,BG/1/LABEL,BG/1/ID,BG/2,BG/2/LABEL,BG/2/ID,BG/3,BG/3/LABEL,BG/3/ID,BG/4,BG/4/LABEL,BG/4/ID,BG/5,BG/5/LABEL,BG/5/ID,BG/6,BG/6/LABEL,BG/6/ID,FTU,REF/1,REF/1/DOI,REF/1/NOTES,REF/2,REF/2/DOI,REF/2/NOTES
brain,brain,UBERON:0000955,forebrain (prosencephalon),forebrain,UBERON:0001890,gray matter of forebrain,gray matter of forebrain,UBERON:0019264,cerebral cortex,cerebral cortex,UBERON:0000956,frontal lobe,frontal lobe,UBERON:0016525,precentral gyrus,precentral gyrus,UBERON:0002703,Primary motor cortex,Primary motor cortex,UBERON:0001384,Inh L1 LAMP5 PVRL2,,,"CBLN4,HS3ST5, RELN, TRPC3",CBLN4,cerebellin 4 precursor,HGNC:16231,HS3ST5,,,RELN,,,TRPC3,,,,,,,,,,,,,,,
brain,brain,UBERON:0000955,forebrain (prosencephalon),forebrain,UBERON:0001890,gray matter of forebrain,gray matter of forebrain,UBERON:0019264,cerebral cortex,cerebral cortex,UBERON:0000956,frontal lobe,frontal lobe,UBERON:0016525,precentral gyrus,precentral gyrus,UBERON:0002703,Primary motor cortex,Primary motor cortex,UBERON:0001384,Inh L1 LAMP5 RAB11FIP1,,,"ADAMTS20, FREM1, MYH11",ADAMTS20,ADAM metallopeptidase with thrombospondin type 1 motif 20,HGNC:17178,FREM1,,,MYH11,,,,,,,,,,,,,,,,,,
brain,brain,UBERON:0000955,forebrain (prosencephalon),forebrain,UBERON:0001890,gray matter of forebrain,gray matter of forebrain,UBERON:0019264,cerebral cortex,cerebral cortex,UBERON:0000956,frontal lobe,frontal lobe,UBERON:0016525,precentral gyrus,precentral gyrus,UBERON:0002703,Primary motor cortex,Primary motor cortex,UBERON:0001384,Inh L1-6 LAMP5 AARD,,,"FBXL7, FREM1, KIT, PRELID2",FBXL7,F-box and leucine rich repeat protein 7,HGNC:13604,FREM1,,,KIT,,,PRELID2,,,,,,,,,,,,,,,
brain,brain,UBERON:0000955,forebrain (prosencephalon),forebrain,UBERON:0001890,gray matter of forebrain,gray matter of forebrain,UBERON:0019264,cerebral cortex,cerebral cortex,UBERON:0000956,frontal lobe,frontal lobe,UBERON:0016525,precentral gyrus,precentral gyrus,UBERON:0002703,Primary motor cortex,Primary motor cortex,UBERON:0001384,Inh L1-6 LAMP5 NES,,,"EPHA3, EYA4, KIT, NTNG1, RO",EPHA3,EPH receptor A3,HGNC:3387,EYA4,,,KIT,,,NTNG1,,,RO,,,,,,,,,,,,
brain,brain,UBERON:0000955,forebrain (prosencephalon),forebrain,UBERON:0001890,gray matter of forebrain,gray matter of forebrain,UBERON:0019264,cerebral cortex,cerebral cortex,UBERON:0000956,frontal lobe,frontal lobe,UBERON:0016525,precentral gyrus,precentral gyrus,UBERON:0002703,Primary motor cortex,Primary motor cortex,UBERON:0001384,Inh L1-6 LAMP5 CA1,,,"HS3ST4, NOS1",HS3ST4,heparan sulfate-glucosamine 3-sulfotransferase 4,HGNC:5200,NOS1,,,,,,,,,,,,,,,,,,,,,
brain,brain,UBERON:0000955,forebrain (prosencephalon),forebrain,UBERON:0001890,gray matter of forebrain,gray matter of forebrain,UBERON:0019264,cerebral cortex,cerebral cortex,UBERON:0000956,frontal lobe,frontal lobe,UBERON:0016525,precentral gyrus,precentral gyrus,UBERON:0002703,Primary motor cortex,Primary motor cortex,UBERON:0001384,Inh L5-6 LAMP5 CRABP1,,,"LOC105379168, PDGFD",LOC105379168,,,PDGFD,,,,,,,,,,,,,,,,,,,,,
brain,brain,UBERON:0000955,forebrain (prosencephalon),forebrain,UBERON:0001890,gray matter of forebrain,gray matter of forebrain,UBERON:0019264,cerebral cortex,cerebral cortex,UBERON:0000956,frontal lobe,frontal lobe,UBERON:0016525,precentral gyrus,precentral gyrus,UBERON:0002703,Primary motor cortex,Primary motor cortex,UBERON:0001384,Inh L3-6 PAX6 LINC01497,,,"PALMD, RELN",PALMD,palmdelphin,HGNC:15846,RELN,,,,,,,,,,,,,,,,,,,,,
brain,brain,UBERON:0000955,forebrain (prosencephalon),forebrain,UBERON:0001890,gray matter of forebrain,gray matter of forebrain,UBERON:0019264,cerebral cortex,cerebral cortex,UBERON:0000956,frontal lobe,frontal lobe,UBERON:0016525,precentral gyrus,precentral gyrus,UBERON:0002703,Primary motor cortex,Primary motor cortex,UBERON:0001384,Inh L1 PAX6 MIR101-1,,,"RELN, TGFBR2",RELN,reelin,HGNC:9957,TGFBR2,,,,,,,,,,,,,,,,,,,,,
brain,brain,UBERON:0000955,forebrain (prosencephalon),forebrain,UBERON:0001890,gray matter of forebrain,gray matter of forebrain,UBERON:0019264,cerebral cortex,cerebral cortex,UBERON:0000956,frontal lobe,frontal lobe,UBERON:0016525,precentral gyrus,precentral gyrus,UBERON:0002703,Primary motor cortex,Primary motor cortex,UBERON:0001384,Inh L1 LAMP5 BMP2,,,"COL5A2, FREM1",COL5A2,collagen type V alpha 2 chain,HGNC:2210,FREM1,,,,,,,,,,,,,,,,,,,,,
brain,brain,UBERON:0000955,forebrain (prosencephalon),forebrain,UBERON:0001890,gray matter of forebrain,gray matter of forebrain,UBERON:0019264,cerebral cortex,cerebral cortex,UBERON:0000956,frontal lobe,frontal lobe,UBERON:0016525,precentral gyrus,precentral gyrus,UBERON:0002703,Primary motor cortex,Primary motor cortex,UBERON:0001384,Inh L1 LAMP5 NMBR,,,"PCDH18, RELN",PCDH18,protocadherin 18,HGNC:14268,RELN,,,,,,,,,,,,,,,,,,,,,
brain,brain,UBERON:0000955,forebrain (prosencephalon),forebrain,UBERON:0001890,gray matter of forebrain,gray matter of forebrain,UBERON:0019264,cerebral cortex,cerebral cortex,UBERON:0000956,frontal lobe,frontal lobe,UBERON:0016525,precentral gyrus,precentral gyrus,UBERON:0002703,Primary motor cortex,Primary motor cortex,UBERON:0001384,Inh L1 PAX6 CHRFAM7A,,,"CHRNA7, CNR1, LINC01539",CHRNA7,cholinergic receptor nicotinic alpha 7 subunit,HGNC:1960,CNR1,,,LINC01539,,,,,,,,,,,,,,,,,,
brain,brain,UBERON:0000955,forebrain (prosencephalon),forebrain,UBERON:0001890,gray matter of forebrain,gray matter of forebrain,UBERON:0019264,cerebral cortex,cerebral cortex,UBERON:0000956,frontal lobe,frontal lobe,UBERON:0016525,precentral gyrus,precentral gyrus,UBERON:0002703,Primary motor cortex,Primary motor cortex,UBERON:0001384,Inh L1-6 VIP SLC7A6OS,,,"CNR1, PBX3",CNR1,cannabinoid receptor 1,HGNC:2159,PBX3,,,,,,,,,,,,,,,,,,,,,
brain,brain,UBERON:0000955,forebrain (prosencephalon),forebrain,UBERON:0001890,gray matter of forebrain,gray matter of forebrain,UBERON:0019264,cerebral cortex,cerebral cortex,UBERON:0000956,frontal lobe,frontal lobe,UBERON:0016525,precentral gyrus,precentral gyrus,UBERON:0002703,Primary motor cortex,Primary motor cortex,UBERON:0001384,Inh L2 PAX6 FREM2,,,"CILP2, IGFBP7",CILP2,cartilage intermediate layer protein 2,HGNC:24213,IGFBP7,,,,,,,,,,,,,,,,,,,,,
brain,brain,UBERON:0000955,forebrain (prosencephalon),forebrain,UBERON:0001890,gray matter of forebrain,gray matter of forebrain,UBERON:0019264,cerebral cortex,cerebral cortex,UBERON:0000956,frontal lobe,frontal lobe,UBERON:0016525,precentral gyrus,precentral gyrus,UBERON:0002703,Primary motor cortex,Primary motor cortex,UBERON:0001384,Inh L1-2 VIP HTR3A,,,"HTR3A, LOC105373642",HTR3A,5-hydroxytryptamine receptor 3A,HGNC:5297,LOC105373642,,,,,,,,,,,,,,,,,,,,,
brain,brain,UBERON:0000955,forebrain (prosencephalon),forebrain,UBERON:0001890,gray matter of forebrain,gray matter of forebrain,UBERON:0019264,cerebral cortex,cerebral cortex,UBERON:0000956,frontal lobe,frontal lobe,UBERON:0016525,precentral gyrus,precentral gyrus,UBERON:0002703,Primary motor cortex,Primary motor cortex,UBERON:0001384,Inh L1-2 VIP WNT4,,,"LOC105379064, SYT9",LOC105379064,,,SYT9,,,,,,,,,,,,,,,,,,,,,
brain,brain,UBERON:0000955,forebrain (prosencephalon),forebrain,UBERON:0001890,gray matter of forebrain,gray matter of forebrain,UBERON:0019264,cerebral cortex,cerebral cortex,UBERON:0000956,frontal lobe,frontal lobe,UBERON:0016525,precentral gyrus,precentral gyrus,UBERON:0002703,Primary motor cortex,Primary motor cortex,UBERON:0001384,Inh L1 PVALB SST ASIC4,,,"ADAM33, NCKAP5, PRELID2",ADAM33,ADAM metallopeptidase domain 33,HGNC:15478,NCKAP5,,,PRELID2,,,,,,,,,,,,,,,,,,
brain,brain,UBERON:0000955,forebrain (prosencephalon),forebrain,UBERON:0001890,gray matter of forebrain,gray matter of forebrain,UBERON:0019264,cerebral cortex,cerebral cortex,UBERON:0000956,frontal lobe,frontal lobe,UBERON:0016525,precentral gyrus,precentral gyrus,UBERON:0002703,Primary motor cortex,Primary motor cortex,UBERON:0001384,Inh L1 SST P4HA3,,,"ARHGAP42, FOXO1, ST8SIA6",ARHGAP42,Rho GTPase activating protein 42,HGNC:26545,FOXO1,,,ST8SIA6,,,,,,,,,,,,,,,,,,
brain,brain,UBERON:0000955,forebrain (prosencephalon),forebrain,UBERON:0001890,gray matter of forebrain,gray matter of forebrain,UBERON:0019264,cerebral cortex,cerebral cortex,UBERON:0000956,frontal lobe,frontal lobe,UBERON:0016525,precentral gyrus,precentral gyrus,UBERON:0002703,Primary motor cortex,Primary motor cortex,UBERON:0001384,Inh L1 SST DEFB108B,,,"NDST4, SYT10",NDST4,N-deacetylase and N-sulfotransferase 4,HGNC:20779,SYT10,,,,,,,,,,,,,,,,,,,,,
brain,brain,UBERON:0000955,forebrain (prosencephalon),forebrain,UBERON:0001890,gray matter of forebrain,gray matter of forebrain,UBERON:0019264,cerebral cortex,cerebral cortex,UBERON:0000956,frontal lobe,frontal lobe,UBERON:0016525,precentral gyrus,precentral gyrus,UBERON:0002703,Primary motor cortex,Primary motor cortex,UBERON:0001384,Inh L1-3 VIP CBLN1,,,"HTR2C, LOC284825, TAC3",HTR2C,5-hydroxytryptamine receptor 2C,HGNC:5293,LOC284825,,,TAC3,,,,,,,,,,,,,,,,,,
brain,brain,UBERON:0000955,forebrain (prosencephalon),forebrain,UBERON:0001890,gray matter of forebrain,gray matter of forebrain,UBERON:0019264,cerebral cortex,cerebral cortex,UBERON:0000956,frontal lobe,frontal lobe,UBERON:0016525,precentral gyrus,precentral gyrus,UBERON:0002703,Primary motor cortex,Primary motor cortex,UBERON:0001384,Inh L1-2 VIP EXPH5,,,"SCTR, ST18",SCTR,secretin receptor,HGNC:10608,ST18,,,,,,,,,,,,,,,,,,,,,
brain,brain,UBERON:0000955,forebrain (prosencephalon),forebrain,UBERON:0001890,gray matter of forebrain,gray matter of forebrain,UBERON:0019264,cerebral cortex,cerebral cortex,UBERON:0000956,frontal lobe,frontal lobe,UBERON:0016525,precentral gyrus,precentral gyrus,UBERON:0002703,Primary motor cortex,Primary motor cortex,UBERON:0001384,Inh L1-3 VIP HSPB6,,,"CCNG2, IGFBP5",CCNG2,cyclin G2,HGNC:1593,IGFBP5,,,,,,,,,,,,,,,,,,,,,
brain,brain,UBERON:0000955,forebrain (prosencephalon),forebrain,UBERON:0001890,gray matter of forebrain,gray matter of forebrain,UBERON:0019264,cerebral cortex,cerebral cortex,UBERON:0000956,frontal lobe,frontal lobe,UBERON:0016525,precentral gyrus,precentral gyrus,UBERON:0002703,Primary motor cortex,Primary motor cortex,UBERON:0001384,Inh L1-2 VIP PTGER3,,,"KCNH8, PARD3B, SYT10",KCNH8,potassium voltage-gated channel subfamily H member 8,HGNC:18864,PARD3B,,,SYT10,,,,,,,,,,,,,,,,,,
brain,brain,UBERON:0000955,forebrain (prosencephalon),forebrain,UBERON:0001890,gray matter of forebrain,gray matter of forebrain,UBERON:0019264,cerebral cortex,cerebral cortex,UBERON:0000956,frontal lobe,frontal lobe,UBERON:0016525,precentral gyrus,precentral gyrus,UBERON:0002703,Primary motor cortex,Primary motor cortex,UBERON:0001384,Inh L1-2 VIP SCML4,,,"ABI3BP, KCNH8, LOC100506497",ABI3BP,ABI family member 3 binding protein,HGNC:17265,KCNH8,,,LOC100506497,,,,,,,,,,,,,,,,,,
brain,brain,UBERON:0000955,forebrain (prosencephalon),forebrain,UBERON:0001890,gray matter of forebrain,gray matter of forebrain,UBERON:0019264,cerebral cortex,cerebral cortex,UBERON:0000956,frontal lobe,frontal lobe,UBERON:0016525,precentral gyrus,precentral gyrus,UBERON:0002703,Primary motor cortex,Primary motor cortex,UBERON:0001384,Inh L1-3 VIP FNDC1,,,"KCNH8, LOC101927286, LOC101928842",KCNH8,potassium voltage-gated channel subfamily H member 8,HGNC:18864,LOC101927286,,,LOC101928842,,,,,,,,,,,,,,,,,,
brain,brain,UBERON:0000955,forebrain (prosencephalon),forebrain,UBERON:0001890,gray matter of forebrain,gray matter of forebrain,UBERON:0019264,cerebral cortex,cerebral cortex,UBERON:0000956,frontal lobe,frontal lobe,UBERON:0016525,precentral gyrus,precentral gyrus,UBERON:0002703,Primary motor cortex,Primary motor cortex,UBERON:0001384,Inh L1-3 VIP CHRNA2,,,"EYA4, LOC105373642, PPP1R1C",EYA4,EYA transcriptional coactivator and phosphatase 4,HGNC:3522,LOC105373642,,,PPP1R1C,,,,,,,,,,,,,,,,,,
brain,brain,UBERON:0000955,forebrain (prosencephalon),forebrain,UBERON:0001890,gray matter of forebrain,gray matter of forebrain,UBERON:0019264,cerebral cortex,cerebral cortex,UBERON:0000956,frontal lobe,frontal lobe,UBERON:0016525,precentral gyrus,precentral gyrus,UBERON:0002703,Primary motor cortex,Primary motor cortex,UBERON:0001384,Inh L2 VIP SLC6A16,,,"KCNT2, LOC105370456",KCNT2,potassium sodium-activated channel subfamily T member 2,HGNC:18866,LOC105370456,,,,,,,,,,,,,,,,,,,,,
brain,brain,UBERON:0000955,forebrain (prosencephalon),forebrain,UBERON:0001890,gray matter of forebrain,gray matter of forebrain,UBERON:0019264,cerebral cortex,cerebral cortex,UBERON:0000956,frontal lobe,frontal lobe,UBERON:0016525,precentral gyrus,precentral gyrus,UBERON:0002703,Primary motor cortex,Primary motor cortex,UBERON:0001384,Inh L1 VIP KLHDC8B,,,"ITGBL1, SLITRK4",ITGBL1,integrin subunit beta like 1,HGNC:6164,SLITRK4,,,,,,,,,,,,,,,,,,,,,
brain,brain,UBERON:0000955,forebrain (prosencephalon),forebrain,UBERON:0001890,gray matter of forebrain,gray matter of forebrain,UBERON:0019264,cerebral cortex,cerebral cortex,UBERON:0000956,frontal lobe,frontal lobe,UBERON:0016525,precentral gyrus,precentral gyrus,UBERON:0002703,Primary motor cortex,Primary motor cortex,UBERON:0001384,Inh L3-5 VIP IGDCC3,,,"EREG, NOX4",EREG,epiregulin,HGNC:3443,NOX4,,,,,,,,,,,,,,,,,,,,,
brain,brain,UBERON:0000955,forebrain (prosencephalon),forebrain,UBERON:0001890,gray matter of forebrain,gray matter of forebrain,UBERON:0019264,cerebral cortex,cerebral cortex,UBERON:0000956,frontal lobe,frontal lobe,UBERON:0016525,precentral gyrus,precentral gyrus,UBERON:0002703,Primary motor cortex,Primary motor cortex,UBERON:0001384,Inh L1-5 VIP SMOC1,,,"ANGPT1, SMOC1, VIP",ANGPT1,angiopoietin 1,HGNC:484,SMOC1,,,VIP,,,,,,,,,,,,,,,,,,
brain,brain,UBERON:0000955,forebrain (prosencephalon),forebrain,UBERON:0001890,gray matter of forebrain,gray matter of forebrain,UBERON:0019264,cerebral cortex,cerebral cortex,UBERON:0000956,frontal lobe,frontal lobe,UBERON:0016525,precentral gyrus,precentral gyrus,UBERON:0002703,Primary motor cortex,Primary motor cortex,UBERON:0001384,Inh L3-5 VIP HS3ST3A1,,,"ABI3BP, IQGAP2, SLC22A3",ABI3BP,ABI family member 3 binding protein,HGNC:17265,IQGAP2,,,SLC22A3,,,,,,,,,,,,,,,,,,
brain,brain,UBERON:0000955,forebrain (prosencephalon),forebrain,UBERON:0001890,gray matter of forebrain,gray matter of forebrain,UBERON:0019264,cerebral cortex,cerebral cortex,UBERON:0000956,frontal lobe,frontal lobe,UBERON:0016525,precentral gyrus,precentral gyrus,UBERON:0002703,Primary motor cortex,Primary motor cortex,UBERON:0001384,Inh L5-6 VIP COL4A3,,,"ABI3BP, KCTD12, PARD3B",ABI3BP,ABI family member 3 binding protein,HGNC:17265,KCTD12,,,PARD3B,,,,,,,,,,,,,,,,,,
brain,brain,UBERON:0000955,forebrain (prosencephalon),forebrain,UBERON:0001890,gray matter of forebrain,gray matter of forebrain,UBERON:0019264,cerebral cortex,cerebral cortex,UBERON:0000956,frontal lobe,frontal lobe,UBERON:0016525,precentral gyrus,precentral gyrus,UBERON:0002703,Primary motor cortex,Primary motor cortex,UBERON:0001384,Inh L1-5 VIP CD27-AS1,,,"ANKFN1, EGFEM1P, IQGAP2",ANKFN1,,,EGFEM1P,,,IQGAP2,,,,,,,,,,,,,,,,,,
brain,brain,UBERON:0000955,forebrain (prosencephalon),forebrain,UBERON:0001890,gray matter of forebrain,gray matter of forebrain,UBERON:0019264,cerebral cortex,cerebral cortex,UBERON:0000956,frontal lobe,frontal lobe,UBERON:0016525,precentral gyrus,precentral gyrus,UBERON:0002703,Primary motor cortex,Primary motor cortex,UBERON:0001384,Inh L2-5 VIP BSPRY,,,"LOC101927078, PDE3A, ST18",LOC101927078,,,PDE3A,,,ST18,,,,,,,,,,,,,,,,,,
brain,brain,UBERON:0000955,forebrain (prosencephalon),forebrain,UBERON:0001890,gray matter of forebrain,gray matter of forebrain,UBERON:0019264,cerebral cortex,cerebral cortex,UBERON:0000956,frontal lobe,frontal lobe,UBERON:0016525,precentral gyrus,precentral gyrus,UBERON:0002703,Primary motor cortex,Primary motor cortex,UBERON:0001384,Inh L2-5 VIP SOX11,,,"ADAMTSL1, HTR2C, THSD7B",ADAMTSL1,,,HTR2C,,,THSD7B,,,,,,,,,,,,,,,,,,
brain,brain,UBERON:0000955,forebrain (prosencephalon),forebrain,UBERON:0001890,gray matter of forebrain,gray matter of forebrain,UBERON:0019264,cerebral cortex,cerebral cortex,UBERON:0000956,frontal lobe,frontal lobe,UBERON:0016525,precentral gyrus,precentral gyrus,UBERON:0002703,Primary motor cortex,Primary motor cortex,UBERON:0001384,Inh L3-6 VIP ZIM2-AS1,,,"CXCL14, PENK",CXCL14,,,PENK,,,,,,,,,,,,,,,,,,,,,
brain,brain,UBERON:0000955,forebrain (prosencephalon),forebrain,UBERON:0001890,gray matter of forebrain,gray matter of forebrain,UBERON:0019264,cerebral cortex,cerebral cortex,UBERON:0000956,frontal lobe,frontal lobe,UBERON:0016525,precentral gyrus,precentral gyrus,UBERON:0002703,Primary motor cortex,Primary motor cortex,UBERON:0001384,Inh L1-5 VIP PHLDB3,,,"EGF, THSD7B",EGF,,,THSD7B,,,,,,,,,,,,,,,,,,,,,
brain,brain,UBERON:0000955,forebrain (prosencephalon),forebrain,UBERON:0001890,gray matter of forebrain,gray matter of forebrain,UBERON:0019264,cerebral cortex,cerebral cortex,UBERON:0000956,frontal lobe,frontal lobe,UBERON:0016525,precentral gyrus,precentral gyrus,UBERON:0002703,Primary motor cortex,Primary motor cortex,UBERON:0001384,Inh L1-5 VIP LINC01013,,,"DACH2, SRGAP1, THSD7B",DACH2,,,SRGAP1,,,THSD7B,,,,,,,,,,,,,,,,,,
brain,brain,UBERON:0000955,forebrain (prosencephalon),forebrain,UBERON:0001890,gray matter of forebrain,gray matter of forebrain,UBERON:0019264,cerebral cortex,cerebral cortex,UBERON:0000956,frontal lobe,frontal lobe,UBERON:0016525,precentral gyrus,precentral gyrus,UBERON:0002703,Primary motor cortex,Primary motor cortex,UBERON:0001384,Inh L3-6 VIP UG0898H09,,,"GALNT10, LINC01411, LOC105373454",GALNT10,,,LINC01411,,,LOC105373454,,,,,,,,,,,,,,,,,,
brain,brain,UBERON:0000955,forebrain (prosencephalon),forebrain,UBERON:0001890,gray matter of forebrain,gray matter of forebrain,UBERON:0019264,cerebral cortex,cerebral cortex,UBERON:0000956,frontal lobe,frontal lobe,UBERON:0016525,precentral gyrus,precentral gyrus,UBERON:0002703,Primary motor cortex,Primary motor cortex,UBERON:0001384,Inh L3-5 VIP TAC3,,,"COL19A1, SOX2_OT, TSHZ2",COL19A1,,,SOX2_OT,,,TSHZ2,,,,,,,,,,,,,,,,,,
brain,brain,UBERON:0000955,forebrain (prosencephalon),forebrain,UBERON:0001890,gray matter of forebrain,gray matter of forebrain,UBERON:0019264,cerebral cortex,cerebral cortex,UBERON:0000956,frontal lobe,frontal lobe,UBERON:0016525,precentral gyrus,precentral gyrus,UBERON:0002703,Primary motor cortex,Primary motor cortex,UBERON:0001384,Inh L1-6 SST NPY (Sset Chodl),,,NPY,NPY,,,,,,,,,,,,,,,,,,,,,,,,
brain,brain,UBERON:0000955,forebrain (prosencephalon),forebrain,UBERON:0001890,gray matter of forebrain,gray matter of forebrain,UBERON:0019264,cerebral cortex,cerebral cortex,UBERON:0000956,frontal lobe,frontal lobe,UBERON:0016525,precentral gyrus,precentral gyrus,UBERON:0002703,Primary motor cortex,Primary motor cortex,UBERON:0001384,Inh L3-5 SST CDH3,,,"FREM1, NPNT, QRFPR",FREM1,,,NPNT,,,QRFPR,,,,,,,,,,,,,,,,,,
brain,brain,UBERON:0000955,forebrain (prosencephalon),forebrain,UBERON:0001890,gray matter of forebrain,gray matter of forebrain,UBERON:0019264,cerebral cortex,cerebral cortex,UBERON:0000956,frontal lobe,frontal lobe,UBERON:0016525,precentral gyrus,precentral gyrus,UBERON:0002703,Primary motor cortex,Primary motor cortex,UBERON:0001384,Inh L5 SST RPL35AP11,,,"EDNRA, FREM1, TRHDE",EDNRA,,,FREM1,,,TRHDE,,,,,,,,,,,,,,,,,,
brain,brain,UBERON:0000955,forebrain (prosencephalon),forebrain,UBERON:0001890,gray matter of forebrain,gray matter of forebrain,UBERON:0019264,cerebral cortex,cerebral cortex,UBERON:0000956,frontal lobe,frontal lobe,UBERON:0016525,precentral gyrus,precentral gyrus,UBERON:0002703,Primary motor cortex,Primary motor cortex,UBERON:0001384,Inh L5-6 SST ISX,,,"COL19A1, TRPM3",COL19A1,,,TRPM3,,,,,,,,,,,,,,,,,,,,,
brain,brain,UBERON:0000955,forebrain (prosencephalon),forebrain,UBERON:0001890,gray matter of forebrain,gray matter of forebrain,UBERON:0019264,cerebral cortex,cerebral cortex,UBERON:0000956,frontal lobe,frontal lobe,UBERON:0016525,precentral gyrus,precentral gyrus,UBERON:0002703,Primary motor cortex,Primary motor cortex,UBERON:0001384,Inh L5-6 PVALB SST CRHR2,,,"HPGD, RGS5, SPON1",HPGD,,,RGS5,,,SPON1,,,,,,,,,,,,,,,,,,
brain,brain,UBERON:0000955,forebrain (prosencephalon),forebrain,UBERON:0001890,gray matter of forebrain,gray matter of forebrain,UBERON:0019264,cerebral cortex,cerebral cortex,UBERON:0000956,frontal lobe,frontal lobe,UBERON:0016525,precentral gyrus,precentral gyrus,UBERON:0002703,Primary motor cortex,Primary motor cortex,UBERON:0001384,Inh L3-5 SST OR5AH1P,,,"ADAMTS5, FBXL7, SST",ADAMTS5,,,FBXL7,,,SST,,,,,,,,,,,,,,,,,,
brain,brain,UBERON:0000955,forebrain (prosencephalon),forebrain,UBERON:0001890,gray matter of forebrain,gray matter of forebrain,UBERON:0019264,cerebral cortex,cerebral cortex,UBERON:0000956,frontal lobe,frontal lobe,UBERON:0016525,precentral gyrus,precentral gyrus,UBERON:0002703,Primary motor cortex,Primary motor cortex,UBERON:0001384,Inh L3-5 SST GGTLC3,,,"EYS, RELN",EYS,,,RELN,,,,,,,,,,,,,,,,,,,,,
brain,brain,UBERON:0000955,forebrain (prosencephalon),forebrain,UBERON:0001890,gray matter of forebrain,gray matter of forebrain,UBERON:0019264,cerebral cortex,cerebral cortex,UBERON:0000956,frontal lobe,frontal lobe,UBERON:0016525,precentral gyrus,precentral gyrus,UBERON:0002703,Primary motor cortex,Primary motor cortex,UBERON:0001384,Inh L2-3 SST NMU,,,"HPSE2, NOS1, PIEZO2",HPSE2,,,NOS1,,,PIEZO2,,,,,,,,,,,,,,,,,,
brain,brain,UBERON:0000955,forebrain (prosencephalon),forebrain,UBERON:0001890,gray matter of forebrain,gray matter of forebrain,UBERON:0019264,cerebral cortex,cerebral cortex,UBERON:0000956,frontal lobe,frontal lobe,UBERON:0016525,precentral gyrus,precentral gyrus,UBERON:0002703,Primary motor cortex,Primary motor cortex,UBERON:0001384,Inh L5-6 SST PAWR,,,"EPB41L4A, NDST4, TRHDE",EPB41L4A,,,NDST4,,,TRHDE,,,,,,,,,,,,,,,,,,
brain,brain,UBERON:0000955,forebrain (prosencephalon),forebrain,UBERON:0001890,gray matter of forebrain,gray matter of forebrain,UBERON:0019264,cerebral cortex,cerebral cortex,UBERON:0000956,frontal lobe,frontal lobe,UBERON:0016525,precentral gyrus,precentral gyrus,UBERON:0002703,Primary motor cortex,Primary motor cortex,UBERON:0001384,Inh L5-6 SST PIK3CD,,,"KLHL14, LOC100996671",KLHL14,,,LOC100996671,,,,,,,,,,,,,,,,,,,,,
brain,brain,UBERON:0000955,forebrain (prosencephalon),forebrain,UBERON:0001890,gray matter of forebrain,gray matter of forebrain,UBERON:0019264,cerebral cortex,cerebral cortex,UBERON:0000956,frontal lobe,frontal lobe,UBERON:0016525,precentral gyrus,precentral gyrus,UBERON:0002703,Primary motor cortex,Primary motor cortex,UBERON:0001384,Inh L1-2 SST CCNJL,,,"CALB1, SPHKAP, TMEM132C",CALB1,,,SPHKAP,,,TMEM132C,,,,,,,,,,,,,,,,,,
brain,brain,UBERON:0000955,forebrain (prosencephalon),forebrain,UBERON:0001890,gray matter of forebrain,gray matter of forebrain,UBERON:0019264,cerebral cortex,cerebral cortex,UBERON:0000956,frontal lobe,frontal lobe,UBERON:0016525,precentral gyrus,precentral gyrus,UBERON:0002703,Primary motor cortex,Primary motor cortex,UBERON:0001384,Inh L1-3 SST FAM20A,,,"PCSK5, TAC1",PCSK5,,,TAC1,,,,,,,,,,,,,,,,,,,,,
brain,brain,UBERON:0000955,forebrain (prosencephalon),forebrain,UBERON:0001890,gray matter of forebrain,gray matter of forebrain,UBERON:0019264,cerebral cortex,cerebral cortex,UBERON:0000956,frontal lobe,frontal lobe,UBERON:0016525,precentral gyrus,precentral gyrus,UBERON:0002703,Primary motor cortex,Primary motor cortex,UBERON:0001384,Inh L1-2 SST PRRT4,,,"LOC101927843, LOC101929028",LOC101927843,,,LOC101929028,,,,,,,,,,,,,,,,,,,,,
brain,brain,UBERON:0000955,forebrain (prosencephalon),forebrain,UBERON:0001890,gray matter of forebrain,gray matter of forebrain,UBERON:0019264,cerebral cortex,cerebral cortex,UBERON:0000956,frontal lobe,frontal lobe,UBERON:0016525,precentral gyrus,precentral gyrus,UBERON:0002703,Primary motor cortex,Primary motor cortex,UBERON:0001384,Inh L5-6 SST BEAN1,,,"ADAMTSL1, SEMA5A, THSD7B, TRHDE",ADAMTSL1,,,SEMA5A,,,THSD7B,,,TRHDE,,,,,,,,,,,,,,,
brain,brain,UBERON:0000955,forebrain (prosencephalon),forebrain,UBERON:0001890,gray matter of forebrain,gray matter of forebrain,UBERON:0019264,cerebral cortex,cerebral cortex,UBERON:0000956,frontal lobe,frontal lobe,UBERON:0016525,precentral gyrus,precentral gyrus,UBERON:0002703,Primary motor cortex,Primary motor cortex,UBERON:0001384,Inh L5-6 SST DNAJC14,,,"HGF, ITGA1, STON2",HGF,,,ITGA1,,,STON2,,,,,,,,,,,,,,,,,,
brain,brain,UBERON:0000955,forebrain (prosencephalon),forebrain,UBERON:0001890,gray matter of forebrain,gray matter of forebrain,UBERON:0019264,cerebral cortex,cerebral cortex,UBERON:0000956,frontal lobe,frontal lobe,UBERON:0016525,precentral gyrus,precentral gyrus,UBERON:0002703,Primary motor cortex,Primary motor cortex,UBERON:0001384,Inh L5-6 SST C4orf26,,,"ADAMTS20, PENK, SPON1",ADAMTS20,,,PENK,,,SPON1,,,,,,,,,,,,,,,,,,
brain,brain,UBERON:0000955,forebrain (prosencephalon),forebrain,UBERON:0001890,gray matter of forebrain,gray matter of forebrain,UBERON:0019264,cerebral cortex,cerebral cortex,UBERON:0000956,frontal lobe,frontal lobe,UBERON:0016525,precentral gyrus,precentral gyrus,UBERON:0002703,Primary motor cortex,Primary motor cortex,UBERON:0001384,Inh L5-6 SST FBN2,,,"HCRTR2, KLHL1",HCRTR2,,,KLHL1,,,,,,,,,,,,,,,,,,,,,
brain,brain,UBERON:0000955,forebrain (prosencephalon),forebrain,UBERON:0001890,gray matter of forebrain,gray matter of forebrain,UBERON:0019264,cerebral cortex,cerebral cortex,UBERON:0000956,frontal lobe,frontal lobe,UBERON:0016525,precentral gyrus,precentral gyrus,UBERON:0002703,Primary motor cortex,Primary motor cortex,UBERON:0001384,Inh L5-6 SST KLHL1,,,"KLHL14, NDST4, SLC17A8",KLHL14,,,NDST4,,,SLC17A8,,,,,,,,,,,,,,,,,,
brain,brain,UBERON:0000955,forebrain (prosencephalon),forebrain,UBERON:0001890,gray matter of forebrain,gray matter of forebrain,UBERON:0019264,cerebral cortex,cerebral cortex,UBERON:0000956,frontal lobe,frontal lobe,UBERON:0016525,precentral gyrus,precentral gyrus,UBERON:0002703,Primary motor cortex,Primary motor cortex,UBERON:0001384,Inh L6 SST TH,,,"LOC100128108, TH",LOC100128108,,,TH,,,,,,,,,,,,,,,,,,,,,
brain,brain,UBERON:0000955,forebrain (prosencephalon),forebrain,UBERON:0001890,gray matter of forebrain,gray matter of forebrain,UBERON:0019264,cerebral cortex,cerebral cortex,UBERON:0000956,frontal lobe,frontal lobe,UBERON:0016525,precentral gyrus,precentral gyrus,UBERON:0002703,Primary motor cortex,Primary motor cortex,UBERON:0001384,Inh L5-6 PVALB KCNIP2,,,"GPC5, NPFFR2, VAV3",GPC5,,,NPFFR2,,,VAV3,,,,,,,,,,,,,,,,,,
brain,brain,UBERON:0000955,forebrain (prosencephalon),forebrain,UBERON:0001890,gray matter of forebrain,gray matter of forebrain,UBERON:0019264,cerebral cortex,cerebral cortex,UBERON:0000956,frontal lobe,frontal lobe,UBERON:0016525,precentral gyrus,precentral gyrus,UBERON:0002703,Primary motor cortex,Primary motor cortex,UBERON:0001384,Inh L5-6 PVALB ZFPM2-AS1,,,"PCDH15, SEMA6D, ZFPM2_AS1",PCDH15,,,SEMA6D,,,ZFPM2_AS1,,,,,,,,,,,,,,,,,,
brain,brain,UBERON:0000955,forebrain (prosencephalon),forebrain,UBERON:0001890,gray matter of forebrain,gray matter of forebrain,UBERON:0019264,cerebral cortex,cerebral cortex,UBERON:0000956,frontal lobe,frontal lobe,UBERON:0016525,precentral gyrus,precentral gyrus,UBERON:0002703,Primary motor cortex,Primary motor cortex,UBERON:0001384,Inh L3-5 PVALB ISG20,,,"LOC101926942, LOC105377862, SV2C",LOC101926942,,,LOC105377862,,,SV2C,,,,,,,,,,,,,,,,,,
brain,brain,UBERON:0000955,forebrain (prosencephalon),forebrain,UBERON:0001890,gray matter of forebrain,gray matter of forebrain,UBERON:0019264,cerebral cortex,cerebral cortex,UBERON:0000956,frontal lobe,frontal lobe,UBERON:0016525,precentral gyrus,precentral gyrus,UBERON:0002703,Primary motor cortex,Primary motor cortex,UBERON:0001384,Inh L5 PVALB LRIG3,,,"CDH6, GPC5, PLCE1",CDH6,,,GPC5,,,PLCE1,,,,,,,,,,,,,,,,,,
brain,brain,UBERON:0000955,forebrain (prosencephalon),forebrain,UBERON:0001890,gray matter of forebrain,gray matter of forebrain,UBERON:0019264,cerebral cortex,cerebral cortex,UBERON:0000956,frontal lobe,frontal lobe,UBERON:0016525,precentral gyrus,precentral gyrus,UBERON:0002703,Primary motor cortex,Primary motor cortex,UBERON:0001384,Inh L2-5 PVALB HHIPL1,,,"ADAMTS17, ADAMTS20, MDFIC",ADAMTS17,,,ADAMTS20,,,MDFIC,,,,,,,,,,,,,,,,,,
brain,brain,UBERON:0000955,forebrain (prosencephalon),forebrain,UBERON:0001890,gray matter of forebrain,gray matter of forebrain,UBERON:0019264,cerebral cortex,cerebral cortex,UBERON:0000956,frontal lobe,frontal lobe,UBERON:0016525,precentral gyrus,precentral gyrus,UBERON:0002703,Primary motor cortex,Primary motor cortex,UBERON:0001384,Inh L2-5 PVALB RPH3AL,,,"ARHGAP42, MYO5B, POSTN, WIF1",ARHGAP42,,,MYO5B,,,POSTN,,,WIF1,,,,,,,,,,,,,,,
brain,brain,UBERON:0000955,forebrain (prosencephalon),forebrain,UBERON:0001890,gray matter of forebrain,gray matter of forebrain,UBERON:0019264,cerebral cortex,cerebral cortex,UBERON:0000956,frontal lobe,frontal lobe,UBERON:0016525,precentral gyrus,precentral gyrus,UBERON:0002703,Primary motor cortex,Primary motor cortex,UBERON:0001384,Inh L3 PVALB SAMD13,,,"LOC101928964, SULF1",LOC101928964,,,SULF1,,,,,,,,,,,,,,,,,,,,,
brain,brain,UBERON:0000955,forebrain (prosencephalon),forebrain,UBERON:0001890,gray matter of forebrain,gray matter of forebrain,UBERON:0019264,cerebral cortex,cerebral cortex,UBERON:0000956,frontal lobe,frontal lobe,UBERON:0016525,precentral gyrus,precentral gyrus,UBERON:0002703,Primary motor cortex,Primary motor cortex,UBERON:0001384,Inh L1-2 PVALB CDK20,,,"ADAMTS12, SYT10, TMEM132C",ADAMTS12,,,SYT10,,,TMEM132C,,,,,,,,,,,,,,,,,,
brain,brain,UBERON:0000955,forebrain (prosencephalon),forebrain,UBERON:0001890,gray matter of forebrain,gray matter of forebrain,UBERON:0019264,cerebral cortex,cerebral cortex,UBERON:0000956,frontal lobe,frontal lobe,UBERON:0016525,precentral gyrus,precentral gyrus,UBERON:0002703,Primary motor cortex,Primary motor cortex,UBERON:0001384,Inh L2 PVALB FRZB,,,"CBLN4, RGS5, SLC9A9",CBLN4,,,RGS5,,,SLC9A9,,,,,,,,,,,,,,,,,,
brain,brain,UBERON:0000955,forebrain (prosencephalon),forebrain,UBERON:0001890,gray matter of forebrain,gray matter of forebrain,UBERON:0019264,cerebral cortex,cerebral cortex,UBERON:0000956,frontal lobe,frontal lobe,UBERON:0016525,precentral gyrus,precentral gyrus,UBERON:0002703,Primary motor cortex,Primary motor cortex,UBERON:0001384,Inh L1-2 SST CLIC6,,,"ARHGAP42, NEDD4, TAC1",ARHGAP42,,,NEDD4,,,TAC1,,,,,,,,,,,,,,,,,,
brain,brain,UBERON:0000955,forebrain (prosencephalon),forebrain,UBERON:0001890,gray matter of forebrain,gray matter of forebrain,UBERON:0019264,cerebral cortex,cerebral cortex,UBERON:0000956,frontal lobe,frontal lobe,UBERON:0016525,precentral gyrus,precentral gyrus,UBERON:0002703,Primary motor cortex,Primary motor cortex,UBERON:0001384,Inh L5-6 PVALB GAPDHP60,,,"GPC5, MYBPC1, SEMA3C",GPC5,,,MYBPC1,,,SEMA3C,,,,,,,,,,,,,,,,,,
brain,brain,UBERON:0000955,forebrain (prosencephalon),forebrain,UBERON:0001890,gray matter of forebrain,gray matter of forebrain,UBERON:0019264,cerebral cortex,cerebral cortex,UBERON:0000956,frontal lobe,frontal lobe,UBERON:0016525,precentral gyrus,precentral gyrus,UBERON:0002703,Primary motor cortex,Primary motor cortex,UBERON:0001384,Inh L5-6 PVALB FAM150B,,,"FAM150B, MYBPC1, TNC",FAM150B,,,MYBPC1,,,TNC,,,,,,,,,,,,,,,,,,
brain,brain,UBERON:0000955,forebrain (prosencephalon),forebrain,UBERON:0001890,gray matter of forebrain,gray matter of forebrain,UBERON:0019264,cerebral cortex,cerebral cortex,UBERON:0000956,frontal lobe,frontal lobe,UBERON:0016525,precentral gyrus,precentral gyrus,UBERON:0002703,Primary motor cortex,Primary motor cortex,UBERON:0001384,Inh L5-6 PVALB MEPE,,,"MEPE, MYBPC1, SVIL",MEPE,,,MYBPC1,,,SVIL,,,,,,,,,,,,,,,,,,
brain,brain,UBERON:0000955,forebrain (prosencephalon),forebrain,UBERON:0001890,gray matter of forebrain,gray matter of forebrain,UBERON:0019264,cerebral cortex,cerebral cortex,UBERON:0000956,frontal lobe,frontal lobe,UBERON:0016525,precentral gyrus,precentral gyrus,UBERON:0002703,Primary motor cortex,Primary motor cortex,UBERON:0001384,Inh L1-6 PVALB COL15A1 (Chandelier),,,"COL15A1, NPNT",COL15A1,,,NPNT,,,,,,,,,,,,,,,,,,,,,
brain,brain,UBERON:0000955,forebrain (prosencephalon),forebrain,UBERON:0001890,gray matter of forebrain,gray matter of forebrain,UBERON:0019264,cerebral cortex,cerebral cortex,UBERON:0000956,frontal lobe,frontal lobe,UBERON:0016525,precentral gyrus,precentral gyrus,UBERON:0002703,Primary motor cortex,Primary motor cortex,UBERON:0001384,Exc L2 LAMP5 KCNG3,,,"FAM163A, LOC101927668, SAMD3",FAM163A,,,LOC101927668,,,SAMD3,,,,,,,,,,,,,,,,,,
brain,brain,UBERON:0000955,forebrain (prosencephalon),forebrain,UBERON:0001890,gray matter of forebrain,gray matter of forebrain,UBERON:0019264,cerebral cortex,cerebral cortex,UBERON:0000956,frontal lobe,frontal lobe,UBERON:0016525,precentral gyrus,precentral gyrus,UBERON:0002703,Primary motor cortex,Primary motor cortex,UBERON:0001384,Exc L2 LINC00507 ATP7B,,,"ACVR1C, LOC105377209",ACVR1C,,,LOC105377209,,,,,,,,,,,,,,,,,,,,,
brain,brain,UBERON:0000955,forebrain (prosencephalon),forebrain,UBERON:0001890,gray matter of forebrain,gray matter of forebrain,UBERON:0019264,cerebral cortex,cerebral cortex,UBERON:0000956,frontal lobe,frontal lobe,UBERON:0016525,precentral gyrus,precentral gyrus,UBERON:0002703,Primary motor cortex,Primary motor cortex,UBERON:0001384,Exc L2 LINC00507 GLRA3,,,"LINC01378, LOC101928278, SERPINE2",LINC01378,,,LOC101928278,,,SERPINE2,,,,,,,,,,,,,,,,,,
brain,brain,UBERON:0000955,forebrain (prosencephalon),forebrain,UBERON:0001890,gray matter of forebrain,gray matter of forebrain,UBERON:0019264,cerebral cortex,cerebral cortex,UBERON:0000956,frontal lobe,frontal lobe,UBERON:0016525,precentral gyrus,precentral gyrus,UBERON:0002703,Primary motor cortex,Primary motor cortex,UBERON:0001384,Exc L2-3 RORB RTKN2,,,"LOC101927745, LOC105376987, PLCH1, RMST",LOC101927745,,,LOC105376987,,,PLCH1,,,RMST,,,,,,,,,,,,,,,
brain,brain,UBERON:0000955,forebrain (prosencephalon),forebrain,UBERON:0001890,gray matter of forebrain,gray matter of forebrain,UBERON:0019264,cerebral cortex,cerebral cortex,UBERON:0000956,frontal lobe,frontal lobe,UBERON:0016525,precentral gyrus,precentral gyrus,UBERON:0002703,Primary motor cortex,Primary motor cortex,UBERON:0001384,Exc L2-3 LINC00507 DSG3,,,"BDNF, BMPR1B, LOC105379003",BDNF,,,BMPR1B,,,LOC105379003,,,,,,,,,,,,,,,,,,
brain,brain,UBERON:0000955,forebrain (prosencephalon),forebrain,UBERON:0001890,gray matter of forebrain,gray matter of forebrain,UBERON:0019264,cerebral cortex,cerebral cortex,UBERON:0000956,frontal lobe,frontal lobe,UBERON:0016525,precentral gyrus,precentral gyrus,UBERON:0002703,Primary motor cortex,Primary motor cortex,UBERON:0001384,Exc L3 LAMP5 CARM1P1,,,"EPB41L4A, SV2C, SYT2",EPB41L4A,,,SV2C,,,SYT2,,,,,,,,,,,,,,,,,,
brain,brain,UBERON:0000955,forebrain (prosencephalon),forebrain,UBERON:0001890,gray matter of forebrain,gray matter of forebrain,UBERON:0019264,cerebral cortex,cerebral cortex,UBERON:0000956,frontal lobe,frontal lobe,UBERON:0016525,precentral gyrus,precentral gyrus,UBERON:0002703,Primary motor cortex,Primary motor cortex,UBERON:0001384,Exc L2-3 RORB CCDC68,,,"COBLL1, COL5A2, PRSS12",COBLL1,,,COL5A2,,,PRSS12,,,,,,,,,,,,,,,,,,
brain,brain,UBERON:0000955,forebrain (prosencephalon),forebrain,UBERON:0001890,gray matter of forebrain,gray matter of forebrain,UBERON:0019264,cerebral cortex,cerebral cortex,UBERON:0000956,frontal lobe,frontal lobe,UBERON:0016525,precentral gyrus,precentral gyrus,UBERON:0002703,Primary motor cortex,Primary motor cortex,UBERON:0001384,Exc L2-3 RORB PTPN3,,,"COL5A2, LOC105370610, LOC105378334, RORB",COL5A2,,,LOC105370610,,,LOC105378334,,,RORB,,,,,,,,,,,,,,,
brain,brain,UBERON:0000955,forebrain (prosencephalon),forebrain,UBERON:0001890,gray matter of forebrain,gray matter of forebrain,UBERON:0019264,cerebral cortex,cerebral cortex,UBERON:0000956,frontal lobe,frontal lobe,UBERON:0016525,precentral gyrus,precentral gyrus,UBERON:0002703,Primary motor cortex,Primary motor cortex,UBERON:0001384,Exc L3 THEMIS ENPEP,,,"FAP, LAMA2, LOC101928964, LOC105376081",FAP,,,LAMA2,,,LOC101928964,,,LOC105376081,,,,,,,,,,,,,,,
brain,brain,UBERON:0000955,forebrain (prosencephalon),forebrain,UBERON:0001890,gray matter of forebrain,gray matter of forebrain,UBERON:0019264,cerebral cortex,cerebral cortex,UBERON:0000956,frontal lobe,frontal lobe,UBERON:0016525,precentral gyrus,precentral gyrus,UBERON:0002703,Primary motor cortex,Primary motor cortex,UBERON:0001384,Exc L3-5 RORB TNNT2,,,"FSHR, LOC100507562, LOC105376081",FSHR,,,LOC100507562,,,LOC105376081,,,,,,,,,,,,,,,,,,
brain,brain,UBERON:0000955,forebrain (prosencephalon),forebrain,UBERON:0001890,gray matter of forebrain,gray matter of forebrain,UBERON:0019264,cerebral cortex,cerebral cortex,UBERON:0000956,frontal lobe,frontal lobe,UBERON:0016525,precentral gyrus,precentral gyrus,UBERON:0002703,Primary motor cortex,Primary motor cortex,UBERON:0001384,Exc L3-5 RORB LAMA4,,,"KCNH8, LOC100128497, LOC101927281, LOC105376081, TRP",KCNH8,,,LOC100128497,,,LOC101927281,,,LOC105376081,,,TRP,,,,,,,,,,,,
brain,brain,UBERON:0000955,forebrain (prosencephalon),forebrain,UBERON:0001890,gray matter of forebrain,gray matter of forebrain,UBERON:0019264,cerebral cortex,cerebral cortex,UBERON:0000956,frontal lobe,frontal lobe,UBERON:0016525,precentral gyrus,precentral gyrus,UBERON:0002703,Primary motor cortex,Primary motor cortex,UBERON:0001384,Exc L5 THEMIS VILL,,,"DACH1, LOC101927389, TNC",DACH1,,,LOC101927389,,,TNC,,,,,,,,,,,,,,,,,,
brain,brain,UBERON:0000955,forebrain (prosencephalon),forebrain,UBERON:0001890,gray matter of forebrain,gray matter of forebrain,UBERON:0019264,cerebral cortex,cerebral cortex,UBERON:0000956,frontal lobe,frontal lobe,UBERON:0016525,precentral gyrus,precentral gyrus,UBERON:0002703,Primary motor cortex,Primary motor cortex,UBERON:0001384,Exc L3 RORB OTOGL,,,"COL22A1, RMST",COL22A1,,,RMST,,,,,,,,,,,,,,,,,,,,,
brain,brain,UBERON:0000955,forebrain (prosencephalon),forebrain,UBERON:0001890,gray matter of forebrain,gray matter of forebrain,UBERON:0019264,cerebral cortex,cerebral cortex,UBERON:0000956,frontal lobe,frontal lobe,UBERON:0016525,precentral gyrus,precentral gyrus,UBERON:0002703,Primary motor cortex,Primary motor cortex,UBERON:0001384,Exc L3-5 RORB LINC01202,,,"LOC101927874, LOC105374971, LOC105376081, LOC105377703",LOC101927874,,,LOC105374971,,,LOC105376081,,,LOC105377703,,,,,,,,,,,,,,,
brain,brain,UBERON:0000955,forebrain (prosencephalon),forebrain,UBERON:0001890,gray matter of forebrain,gray matter of forebrain,UBERON:0019264,cerebral cortex,cerebral cortex,UBERON:0000956,frontal lobe,frontal lobe,UBERON:0016525,precentral gyrus,precentral gyrus,UBERON:0002703,Primary motor cortex,Primary motor cortex,UBERON:0001384,Exc L5 THEMIS SLC22A18,,,"BTNL9, CCBE1, LOC401134, SLC7A11",BTNL9,,,CCBE1,,,LOC401134,,,SLC7A11,,,,,,,,,,,,,,,
brain,brain,UBERON:0000955,forebrain (prosencephalon),forebrain,UBERON:0001890,gray matter of forebrain,gray matter of forebrain,UBERON:0019264,cerebral cortex,cerebral cortex,UBERON:0000956,frontal lobe,frontal lobe,UBERON:0016525,precentral gyrus,precentral gyrus,UBERON:0002703,Primary motor cortex,Primary motor cortex,UBERON:0001384,Exc L5-6 THEMIS TNFAIP6,,,"LOC105373893, LOC105378031, LTBP1, TSHZ2",LOC105373893,,,LOC105378031,,,LTBP1,,,TSHZ2,,,,,,,,,,,,,,,
brain,brain,UBERON:0000955,forebrain (prosencephalon),forebrain,UBERON:0001890,gray matter of forebrain,gray matter of forebrain,UBERON:0019264,cerebral cortex,cerebral cortex,UBERON:0000956,frontal lobe,frontal lobe,UBERON:0016525,precentral gyrus,precentral gyrus,UBERON:0002703,Primary motor cortex,Primary motor cortex,UBERON:0001384,Exc L3-5 RORB LNX2,,,"LOC105374971, LOC105377703, TRABD2A",LOC105374971,,,LOC105377703,,,TRABD2A,,,,,,,,,,,,,,,,,,
brain,brain,UBERON:0000955,forebrain (prosencephalon),forebrain,UBERON:0001890,gray matter of forebrain,gray matter of forebrain,UBERON:0019264,cerebral cortex,cerebral cortex,UBERON:0000956,frontal lobe,frontal lobe,UBERON:0016525,precentral gyrus,precentral gyrus,UBERON:0002703,Primary motor cortex,Primary motor cortex,UBERON:0001384,Exc L3-5 RORB RPRM,,,"LOC105374971, LOC105374973, RPRM",LOC105374971,,,LOC105374973,,,RPRM,,,,,,,,,,,,,,,,,,
brain,brain,UBERON:0000955,forebrain (prosencephalon),forebrain,UBERON:0001890,gray matter of forebrain,gray matter of forebrain,UBERON:0019264,cerebral cortex,cerebral cortex,UBERON:0000956,frontal lobe,frontal lobe,UBERON:0016525,precentral gyrus,precentral gyrus,UBERON:0002703,Primary motor cortex,Primary motor cortex,UBERON:0001384,Exc L5 RORB MED8,,,"COL22A1, LOC401134, NPFFR2",COL22A1,,,LOC401134,,,NPFFR2,,,,,,,,,,,,,,,,,,
brain,brain,UBERON:0000955,forebrain (prosencephalon),forebrain,UBERON:0001890,gray matter of forebrain,gray matter of forebrain,UBERON:0019264,cerebral cortex,cerebral cortex,UBERON:0000956,frontal lobe,frontal lobe,UBERON:0016525,precentral gyrus,precentral gyrus,UBERON:0002703,Primary motor cortex,Primary motor cortex,UBERON:0001384,Exc L5 THEMIS FGF10,,,"BDNF, CRH, NPFFR2",BDNF,,,CRH,,,NPFFR2,,,,,,,,,,,,,,,,,,
brain,brain,UBERON:0000955,forebrain (prosencephalon),forebrain,UBERON:0001890,gray matter of forebrain,gray matter of forebrain,UBERON:0019264,cerebral cortex,cerebral cortex,UBERON:0000956,frontal lobe,frontal lobe,UBERON:0016525,precentral gyrus,precentral gyrus,UBERON:0002703,Primary motor cortex,Primary motor cortex,UBERON:0001384,Exc L6 THEMIS LINC00343,,,"ANKRD30B, LINC00299, LINC00343",ANKRD30B,,,LINC00299,,,LINC00343,,,,,,,,,,,,,,,,,,
brain,brain,UBERON:0000955,forebrain (prosencephalon),forebrain,UBERON:0001890,gray matter of forebrain,gray matter of forebrain,UBERON:0019264,cerebral cortex,cerebral cortex,UBERON:0000956,frontal lobe,frontal lobe,UBERON:0016525,precentral gyrus,precentral gyrus,UBERON:0002703,Primary motor cortex,Primary motor cortex,UBERON:0001384,Exc L6 THEMIS SLN,,,"FAM163A, LOC105371832, LOC105374524",FAM163A,,,LOC105371832,,,LOC105374524,,,,,,,,,,,,,,,,,,
brain,brain,UBERON:0000955,forebrain (prosencephalon),forebrain,UBERON:0001890,gray matter of forebrain,gray matter of forebrain,UBERON:0019264,cerebral cortex,cerebral cortex,UBERON:0000956,frontal lobe,frontal lobe,UBERON:0016525,precentral gyrus,precentral gyrus,UBERON:0002703,Primary motor cortex,Primary motor cortex,UBERON:0001384,Exc L6 THEMIS SNTG2,,,"LOC101927389, LOC105371310",LOC101927389,,,LOC105371310,,,,,,,,,,,,,,,,,,,,,
brain,brain,UBERON:0000955,forebrain (prosencephalon),forebrain,UBERON:0001890,gray matter of forebrain,gray matter of forebrain,UBERON:0019264,cerebral cortex,cerebral cortex,UBERON:0000956,frontal lobe,frontal lobe,UBERON:0016525,precentral gyrus,precentral gyrus,UBERON:0002703,Primary motor cortex,Primary motor cortex,UBERON:0001384,Exc L5-6 THEMIS SMYD1 (L6 IT Car3),,,"ATP10A, TRPC5",ATP10A,,,TRPC5,,,,,,,,,,,,,,,,,,,,,
brain,brain,UBERON:0000955,forebrain (prosencephalon),forebrain,UBERON:0001890,gray matter of forebrain,gray matter of forebrain,UBERON:0019264,cerebral cortex,cerebral cortex,UBERON:0000956,frontal lobe,frontal lobe,UBERON:0016525,precentral gyrus,precentral gyrus,UBERON:0002703,Primary motor cortex,Primary motor cortex,UBERON:0001384,Exc L5-6 FEZF2 OR1L8,,,"LGR6, LOC101927439, LOC105374392, LOC105377183",LGR6,,,LOC101927439,,,LOC105374392,,,LOC105377183,,,,,,,,,,,,,,,
brain,brain,UBERON:0000955,forebrain (prosencephalon),forebrain,UBERON:0001890,gray matter of forebrain,gray matter of forebrain,UBERON:0019264,cerebral cortex,cerebral cortex,UBERON:0000956,frontal lobe,frontal lobe,UBERON:0016525,precentral gyrus,precentral gyrus,UBERON:0002703,Primary motor cortex,Primary motor cortex,UBERON:0001384,Exc L5 THEMIS LINC01116,,,"LOC105369890, LOC105371663",LOC105369890,,,LOC105371663,,,,,,,,,,,,,,,,,,,,,
brain,brain,UBERON:0000955,forebrain (prosencephalon),forebrain,UBERON:0001890,gray matter of forebrain,gray matter of forebrain,UBERON:0019264,cerebral cortex,cerebral cortex,UBERON:0000956,frontal lobe,frontal lobe,UBERON:0016525,precentral gyrus,precentral gyrus,UBERON:0002703,Primary motor cortex,Primary motor cortex,UBERON:0001384,Exc L5 THEMIS RGPD6,,,"DDR2, LOC105371663, THEMIS",DDR2,,,LOC105371663,,,THEMIS,,,,,,,,,,,,,,,,,,
brain,brain,UBERON:0000955,forebrain (prosencephalon),forebrain,UBERON:0001890,gray matter of forebrain,gray matter of forebrain,UBERON:0019264,cerebral cortex,cerebral cortex,UBERON:0000956,frontal lobe,frontal lobe,UBERON:0016525,precentral gyrus,precentral gyrus,UBERON:0002703,Primary motor cortex,Primary motor cortex,UBERON:0001384,Exc L5-6 FEZF2 C9orf135-AS1,,,"EGFEM1P, FOXP2, SEMA5A",EGFEM1P,,,FOXP2,,,SEMA5A,,,,,,,,,,,,,,,,,,
brain,brain,UBERON:0000955,forebrain (prosencephalon),forebrain,UBERON:0001890,gray matter of forebrain,gray matter of forebrain,UBERON:0019264,cerebral cortex,cerebral cortex,UBERON:0000956,frontal lobe,frontal lobe,UBERON:0016525,precentral gyrus,precentral gyrus,UBERON:0002703,Primary motor cortex,Primary motor cortex,UBERON:0001384,Exc L5-6 FEZF2 FILIP1L,,,"LOC100128497, MCTP2, SEC16B, SULF1",LOC100128497,,,MCTP2,,,SEC16B,,,SULF1,,,,,,,,,,,,,,,
brain,brain,UBERON:0000955,forebrain (prosencephalon),forebrain,UBERON:0001890,gray matter of forebrain,gray matter of forebrain,UBERON:0019264,cerebral cortex,cerebral cortex,UBERON:0000956,frontal lobe,frontal lobe,UBERON:0016525,precentral gyrus,precentral gyrus,UBERON:0002703,Primary motor cortex,Primary motor cortex,UBERON:0001384,Exc L5-6 FEZF2 SH2D1B,,,"ADAMTSL1, MEIS2, NLGN4Y, PAPSS2",ADAMTSL1,,,MEIS2,,,NLGN4Y,,,PAPSS2,,,,,,,,,,,,,,,
brain,brain,UBERON:0000955,forebrain (prosencephalon),forebrain,UBERON:0001890,gray matter of forebrain,gray matter of forebrain,UBERON:0019264,cerebral cortex,cerebral cortex,UBERON:0000956,frontal lobe,frontal lobe,UBERON:0016525,precentral gyrus,precentral gyrus,UBERON:0002703,Primary motor cortex,Primary motor cortex,UBERON:0001384,Exc L6 FEZF2 PDYN,,,"GBP2, PDYN",GBP2,,,PDYN,,,,,,,,,,,,,,,,,,,,,
brain,brain,UBERON:0000955,forebrain (prosencephalon),forebrain,UBERON:0001890,gray matter of forebrain,gray matter of forebrain,UBERON:0019264,cerebral cortex,cerebral cortex,UBERON:0000956,frontal lobe,frontal lobe,UBERON:0016525,precentral gyrus,precentral gyrus,UBERON:0002703,Primary motor cortex,Primary motor cortex,UBERON:0001384,Exc L6 FEZF2 FFAR4,,,"FER1L6_AS2, LOC105378486",FER1L6_AS2,,,LOC105378486,,,,,,,,,,,,,,,,,,,,,
brain,brain,UBERON:0000955,forebrain (prosencephalon),forebrain,UBERON:0001890,gray matter of forebrain,gray matter of forebrain,UBERON:0019264,cerebral cortex,cerebral cortex,UBERON:0000956,frontal lobe,frontal lobe,UBERON:0016525,precentral gyrus,precentral gyrus,UBERON:0002703,Primary motor cortex,Primary motor cortex,UBERON:0001384,Exc L6 FEZF2 PROKR2,,,"LOC105371310, SLITRK6",LOC105371310,,,SLITRK6,,,,,,,,,,,,,,,,,,,,,
brain,brain,UBERON:0000955,forebrain (prosencephalon),forebrain,UBERON:0001890,gray matter of forebrain,gray matter of forebrain,UBERON:0019264,cerebral cortex,cerebral cortex,UBERON:0000956,frontal lobe,frontal lobe,UBERON:0016525,precentral gyrus,precentral gyrus,UBERON:0002703,Primary motor cortex,Primary motor cortex,UBERON:0001384,Exc L5-6 FEZF2 CFTR,,,"LOC105374392, NR4A2, SEMA3D",LOC105374392,,,NR4A2,,,SEMA3D,,,,,,,,,,,,,,,,,,
brain,brain,UBERON:0000955,forebrain (prosencephalon),forebrain,UBERON:0001890,gray matter of forebrain,gray matter of forebrain,UBERON:0019264,cerebral cortex,cerebral cortex,UBERON:0000956,frontal lobe,frontal lobe,UBERON:0016525,precentral gyrus,precentral gyrus,UBERON:0002703,Primary motor cortex,Primary motor cortex,UBERON:0001384,Exc L6 FEZF2 KLK7,,,"LOC101927439, MDFIC",LOC101927439,,,MDFIC,,,,,,,,,,,,,,,,,,,,,
brain,brain,UBERON:0000955,forebrain (prosencephalon),forebrain,UBERON:0001890,gray matter of forebrain,gray matter of forebrain,UBERON:0019264,cerebral cortex,cerebral cortex,UBERON:0000956,frontal lobe,frontal lobe,UBERON:0016525,precentral gyrus,precentral gyrus,UBERON:0002703,Primary motor cortex,Primary motor cortex,UBERON:0001384,Exc L6 FEZF2 POGK,,,"ADD3_AS1, LOC100132891, PCOLCE2",ADD3_AS1,,,LOC100132891,,,PCOLCE2,,,,,,,,,,,,,,,,,,
brain,brain,UBERON:0000955,forebrain (prosencephalon),forebrain,UBERON:0001890,gray matter of forebrain,gray matter of forebrain,UBERON:0019264,cerebral cortex,cerebral cortex,UBERON:0000956,frontal lobe,frontal lobe,UBERON:0016525,precentral gyrus,precentral gyrus,UBERON:0002703,Primary motor cortex,Primary motor cortex,UBERON:0001384,Exc L5 FEZF2 CSN1S1,,,"LOC105373592, OPN4, VAT1L",LOC105373592,,,OPN4,,,VAT1L,,,,,,,,,,,,,,,,,,
brain,brain,UBERON:0000955,forebrain (prosencephalon),forebrain,UBERON:0001890,gray matter of forebrain,gray matter of forebrain,UBERON:0019264,cerebral cortex,cerebral cortex,UBERON:0000956,frontal lobe,frontal lobe,UBERON:0016525,precentral gyrus,precentral gyrus,UBERON:0002703,Primary motor cortex,Primary motor cortex,UBERON:0001384,Exc L3-5 FEZF2 ASGR2,,,"LOC105376457, OR51E2",LOC105376457,,,OR51E2,,,,,,,,,,,,,,,,,,,,,
brain,brain,UBERON:0000955,forebrain (prosencephalon),forebrain,UBERON:0001890,gray matter of forebrain,gray matter of forebrain,UBERON:0019264,cerebral cortex,cerebral cortex,UBERON:0000956,frontal lobe,frontal lobe,UBERON:0016525,precentral gyrus,precentral gyrus,UBERON:0002703,Primary motor cortex,Primary motor cortex,UBERON:0001384,Exc L3-5 FEZF2 LINC01107,,,"BTNL9, EDNRB",BTNL9,,,EDNRB,,,,,,,,,,,,,,,,,,,,,
brain,brain,UBERON:0000955,forebrain (prosencephalon),forebrain,UBERON:0001890,gray matter of forebrain,gray matter of forebrain,UBERON:0019264,cerebral cortex,cerebral cortex,UBERON:0000956,frontal lobe,frontal lobe,UBERON:0016525,precentral gyrus,precentral gyrus,UBERON:0002703,Primary motor cortex,Primary motor cortex,UBERON:0001384,Exc L5 FEZF2 PKD2L1,,,"NPSR1_AS1, VGLL3",NPSR1_AS1,,,VGLL3,,,,,,,,,,,,,,,,,,,,,
brain,brain,UBERON:0000955,forebrain (prosencephalon),forebrain,UBERON:0001890,gray matter of forebrain,gray matter of forebrain,UBERON:0019264,cerebral cortex,cerebral cortex,UBERON:0000956,frontal lobe,frontal lobe,UBERON:0016525,precentral gyrus,precentral gyrus,UBERON:0002703,Primary motor cortex,Primary motor cortex,UBERON:0001384,Exc L5 FEZF2 NREP-AS1,,,"ADAMTS12, CD36, LOC105370315",ADAMTS12,,,CD36,,,LOC105370315,,,,,,,,,,,,,,,,,,
brain,brain,UBERON:0000955,forebrain (prosencephalon),forebrain,UBERON:0001890,gray matter of forebrain,gray matter of forebrain,UBERON:0019264,cerebral cortex,cerebral cortex,UBERON:0000956,frontal lobe,frontal lobe,UBERON:0016525,precentral gyrus,precentral gyrus,UBERON:0002703,Primary motor cortex,Primary motor cortex,UBERON:0001384,Exc L5 FEZF2 RNF144A-AS1,,,"CD36, LOC105369818, LOC105370019",CD36,,,LOC105369818,,,LOC105370019,,,,,,,,,,,,,,,,,,
brain,brain,UBERON:0000955,forebrain (prosencephalon),forebrain,UBERON:0001890,gray matter of forebrain,gray matter of forebrain,UBERON:0019264,cerebral cortex,cerebral cortex,UBERON:0000956,frontal lobe,frontal lobe,UBERON:0016525,precentral gyrus,precentral gyrus,UBERON:0002703,Primary motor cortex,Primary motor cortex,UBERON:0001384,Exc L5-6 FEZF2 IFNG-AS1,,,"LOC105369818, NPSR1_AS1",LOC105369818,,,NPSR1_AS1,,,,,,,,,,,,,,,,,,,,,
brain,brain,UBERON:0000955,forebrain (prosencephalon),forebrain,UBERON:0001890,gray matter of forebrain,gray matter of forebrain,UBERON:0019264,cerebral cortex,cerebral cortex,UBERON:0000956,frontal lobe,frontal lobe,UBERON:0016525,precentral gyrus,precentral gyrus,UBERON:0002703,Primary motor cortex,Primary motor cortex,UBERON:0001384,Exc L5-6 FEZF2 LPO,,,"LOC101928114, LOC105376372",LOC101928114,,,LOC105376372,,,,,,,,,,,,,,,,,,,,,
brain,brain,UBERON:0000955,forebrain (prosencephalon),forebrain,UBERON:0001890,gray matter of forebrain,gray matter of forebrain,UBERON:0019264,cerebral cortex,cerebral cortex,UBERON:0000956,frontal lobe,frontal lobe,UBERON:0016525,precentral gyrus,precentral gyrus,UBERON:0002703,Primary motor cortex,Primary motor cortex,UBERON:0001384,OPC L1-6 PDGFRA COL20A1,,,"FAM222A, KIF25, TGFA",FAM222A,,,KIF25,,,TGFA,,,,,,,,,,,,,,,,,,
brain,brain,UBERON:0000955,forebrain (prosencephalon),forebrain,UBERON:0001890,gray matter of forebrain,gray matter of forebrain,UBERON:0019264,cerebral cortex,cerebral cortex,UBERON:0000956,frontal lobe,frontal lobe,UBERON:0016525,precentral gyrus,precentral gyrus,UBERON:0002703,Primary motor cortex,Primary motor cortex,UBERON:0001384,Oligo L2-6 OPALIN MAP6D1,,,"ENPP2, LOC101927459",ENPP2,,,LOC101927459,,,,,,,,,,,,,,,,,,,,,
brain,brain,UBERON:0000955,forebrain (prosencephalon),forebrain,UBERON:0001890,gray matter of forebrain,gray matter of forebrain,UBERON:0019264,cerebral cortex,cerebral cortex,UBERON:0000956,frontal lobe,frontal lobe,UBERON:0016525,precentral gyrus,precentral gyrus,UBERON:0002703,Primary motor cortex,Primary motor cortex,UBERON:0001384,Oligo L3-6 OPALIN ENPP6,,,"ENPP2, LINC01378, MBP, ST18",ENPP2,,,LINC01378,,,MBP,,,ST18,,,,,,,,,,,,,,,
brain,brain,UBERON:0000955,forebrain (prosencephalon),forebrain,UBERON:0001890,gray matter of forebrain,gray matter of forebrain,UBERON:0019264,cerebral cortex,cerebral cortex,UBERON:0000956,frontal lobe,frontal lobe,UBERON:0016525,precentral gyrus,precentral gyrus,UBERON:0002703,Primary motor cortex,Primary motor cortex,UBERON:0001384,Oligo L2-6 OPALIN FTH1P3,,,"STK32A, VCAN",STK32A,,,VCAN,,,,,,,,,,,,,,,,,,,,,
brain,brain,UBERON:0000955,forebrain (prosencephalon),forebrain,UBERON:0001890,gray matter of forebrain,gray matter of forebrain,UBERON:0019264,cerebral cortex,cerebral cortex,UBERON:0000956,frontal lobe,frontal lobe,UBERON:0016525,precentral gyrus,precentral gyrus,UBERON:0002703,Primary motor cortex,Primary motor cortex,UBERON:0001384,Oligo L5-6 OPALIN LDLRAP1,,,"LOC105376917, OPALIN, RNF219_AS1",LOC105376917,,,OPALIN,,,RNF219_AS1,,,,,,,,,,,,,,,,,,
brain,brain,UBERON:0000955,forebrain (prosencephalon),forebrain,UBERON:0001890,gray matter of forebrain,gray matter of forebrain,UBERON:0019264,cerebral cortex,cerebral cortex,UBERON:0000956,frontal lobe,frontal lobe,UBERON:0016525,precentral gyrus,precentral gyrus,UBERON:0002703,Primary motor cortex,Primary motor cortex,UBERON:0001384,Astro L1-6 FGFR3 AQP1,,,TNC,TNC,,,,,,,,,,,,,,,,,,,,,,,,
brain,brain,UBERON:0000955,forebrain (prosencephalon),forebrain,UBERON:0001890,gray matter of forebrain,gray matter of forebrain,UBERON:0019264,cerebral cortex,cerebral cortex,UBERON:0000956,frontal lobe,frontal lobe,UBERON:0016525,precentral gyrus,precentral gyrus,UBERON:0002703,Primary motor cortex,Primary motor cortex,UBERON:0001384,Astro L1 FGFR3 SERPINI2,,,"CFAP47, WDR49",CFAP47,,,WDR49,,,,,,,,,,,,,,,,,,,,,
brain,brain,UBERON:0000955,forebrain (prosencephalon),forebrain,UBERON:0001890,gray matter of forebrain,gray matter of forebrain,UBERON:0019264,cerebral cortex,cerebral cortex,UBERON:0000956,frontal lobe,frontal lobe,UBERON:0016525,precentral gyrus,precentral gyrus,UBERON:0002703,Primary motor cortex,Primary motor cortex,UBERON:0001384,Astro L1-6 FGFR3 PLCG1,,,"COL5A3, LOC105376917",COL5A3,,,LOC105376917,,,,,,,,,,,,,,,,,,,,,
brain,brain,UBERON:0000955,forebrain (prosencephalon),forebrain,UBERON:0001890,gray matter of forebrain,gray matter of forebrain,UBERON:0019264,cerebral cortex,cerebral cortex,UBERON:0000956,frontal lobe,frontal lobe,UBERON:0016525,precentral gyrus,precentral gyrus,UBERON:0002703,Primary motor cortex,Primary motor cortex,UBERON:0001384,Endo L2-5 NOSTRIN SRGN,,,CLDN5,CLDN5,,,,,,,,,,,,,,,,,,,,,,,,
brain,brain,UBERON:0000955,forebrain (prosencephalon),forebrain,UBERON:0001890,gray matter of forebrain,gray matter of forebrain,UBERON:0019264,cerebral cortex,cerebral cortex,UBERON:0000956,frontal lobe,frontal lobe,UBERON:0016525,precentral gyrus,precentral gyrus,UBERON:0002703,Primary motor cortex,Primary motor cortex,UBERON:0001384,VLMC L1-5 PDGFRA COLEC12,,,"COL1A2, COLEC12",COL1A2,,,COLEC12,,,,,,,,,,,,,,,,,,,,,
brain,brain,UBERON:0000955,forebrain (prosencephalon),forebrain,UBERON:0001890,gray matter of forebrain,gray matter of forebrain,UBERON:0019264,cerebral cortex,cerebral cortex,UBERON:0000956,frontal lobe,frontal lobe,UBERON:0016525,precentral gyrus,precentral gyrus,UBERON:0002703,Primary motor cortex,Primary motor cortex,UBERON:0001384,Micro L1-6 TYROBP CD74,,,"APBB1IP, P2RY12",APBB1IP,,,P2RY12,,,,,,,,,,,,,,,,,,,,,
brain,brain,UBERON:0000955,forebrain (prosencephalon),forebrain,UBERON:0001890,gray matter of forebrain,gray matter of forebrain,UBERON:0019264,cerebral cortex,cerebral cortex,UBERON:0000956,frontal lobe,frontal lobe,UBERON:0016525,precentral gyrus,precentral gyrus,UBERON:0002703,Primary motor cortex,Primary motor cortex,UBERON:0001384,,,,,,,,,,,,,,,,,,,,,,,,,,,,,
brain,brain,UBERON:0000955,forebrain (prosencephalon),forebrain,UBERON:0001890,gray matter of forebrain,gray matter of forebrain,UBERON:0019264,cerebral cortex,cerebral cortex,UBERON:0000956,frontal lobe,frontal lobe,UBERON:0016525,precentral gyrus,precentral gyrus,UBERON:0002703,Primary motor cortex,Primary motor cortex,UBERON:0001384,,,,,,,,,,,,,,,,,,,,,,,,,,,,,
brain,brain,UBERON:0000955,forebrain (prosencephalon),forebrain,UBERON:0001890,gray matter of forebrain,gray matter of forebrain,UBERON:0019264,cerebral cortex,cerebral cortex,UBERON:0000956,frontal lobe,frontal lobe,UBERON:0016525,superior frontal gyrus,superior frontal gyrus,UBERON:0002661,,,,,,,,,,,,,,,,,,,,,,,,,,,,,,,,
brain,brain,UBERON:0000955,forebrain (prosencephalon),forebrain,UBERON:0001890,gray matter of forebrain,gray matter of forebrain,UBERON:0019264,cerebral cortex,cerebral cortex,UBERON:0000956,frontal lobe,frontal lobe,UBERON:0016525,middle frontal gyrus,middle frontal gyrus,UBERON:0002702,,,,,,,,,,,,,,,,,,,,,,,,,,,,,,,,
brain,brain,UBERON:0000955,forebrain (prosencephalon),forebrain,UBERON:0001890,gray matter of forebrain,gray matter of forebrain,UBERON:0019264,cerebral cortex,cerebral cortex,UBERON:0000956,frontal lobe,frontal lobe,UBERON:0016525,inferior frontal gyrus,inferior frontal gyrus,UBERON:0002998,"inferior frontal gyrus, triangular part",riangular part of inferior frontal gyrus,UBERON:0002629,,,,,,,,,,,,,,,,,,,,,,,,,,,,,
brain,brain,UBERON:0000955,forebrain (prosencephalon),forebrain,UBERON:0001890,gray matter of forebrain,gray matter of forebrain,UBERON:0019264,cerebral cortex,cerebral cortex,UBERON:0000956,frontal lobe,frontal lobe,UBERON:0016525,inferior frontal gyrus,inferior frontal gyrus,UBERON:0002998,"inferior frontal gyrus, opercular part",opercular part of inferior frontal gyrus,UBERON:0002980,,,,,,,,,,,,,,,,,,,,,,,,,,,,,
brain,brain,UBERON:0000955,forebrain (prosencephalon),forebrain,UBERON:0001890,gray matter of forebrain,gray matter of forebrain,UBERON:0019264,cerebral cortex,cerebral cortex,UBERON:0000956,frontal lobe,frontal lobe,UBERON:0016525,inferior frontal gyrus,inferior frontal gyrus,UBERON:0002998,"inferior frontal gyrus, orbital part",orbital part of inferior frontal gyrus,UBERON:0002624,,,,,,,,,,,,,,,,,,,,,,,,,,,,,
brain,brain,UBERON:0000955,forebrain (prosencephalon),forebrain,UBERON:0001890,gray matter of forebrain,gray matter of forebrain,UBERON:0019264,cerebral cortex,cerebral cortex,UBERON:0000956,frontal lobe,frontal lobe,UBERON:0016525,gyrus rectus (straight gyrus),gyrus rectus,UBERON:0004671,,,,,,,,,,,,,,,,,,,,,,,,,,,,,,,,
brain,brain,UBERON:0000955,forebrain (prosencephalon),forebrain,UBERON:0001890,gray matter of forebrain,gray matter of forebrain,UBERON:0019264,cerebral cortex,cerebral cortex,UBERON:0000956,frontal lobe,frontal lobe,UBERON:0016525,medial orbital gyrus,medial orbital gyrus,UBERON:0002570,,,,,,,,,,,,,,,,,,,,,,,,,,,,,,,,
brain,brain,UBERON:0000955,forebrain (prosencephalon),forebrain,UBERON:0001890,gray matter of forebrain,gray matter of forebrain,UBERON:0019264,cerebral cortex,cerebral cortex,UBERON:0000956,frontal lobe,frontal lobe,UBERON:0016525,anterior intermediate orbital gyrus,,,,,,,,,,,,,,,,,,,,,,,,,,,,,,,,,,
brain,brain,UBERON:0000955,forebrain (prosencephalon),forebrain,UBERON:0001890,gray matter of forebrain,gray matter of forebrain,UBERON:0019264,cerebral cortex,cerebral cortex,UBERON:0000956,frontal lobe,frontal lobe,UBERON:0016525,posterior intermediate orbital gyrus,,,,,,,,,,,,,,,,,,,,,,,,,,,,,,,,,,
brain,brain,UBERON:0000955,forebrain (prosencephalon),forebrain,UBERON:0001890,gray matter of forebrain,gray matter of forebrain,UBERON:0019264,cerebral cortex,cerebral cortex,UBERON:0000956,frontal lobe,frontal lobe,UBERON:0016525,lateral orbital gyrus,lateral orbital gyrus,UBERON:0002564,,,,,,,,,,,,,,,,,,,,,,,,,,,,,,,,
brain,brain,UBERON:0000955,forebrain (prosencephalon),forebrain,UBERON:0001890,gray matter of forebrain,gray matter of forebrain,UBERON:0019264,cerebral cortex,cerebral cortex,UBERON:0000956,frontal lobe,frontal lobe,UBERON:0016525,"paracentral lobule, rostral part",anterior segment of paracentral lobule,UBERON:0035932,,,,,,,,,,,,,,,,,,,,,,,,,,,,,,,,
brain,brain,UBERON:0000955,forebrain (prosencephalon),forebrain,UBERON:0001890,gray matter of forebrain,gray matter of forebrain,UBERON:0019264,cerebral cortex,cerebral cortex,UBERON:0000956,frontal lobe,frontal lobe,UBERON:0016525,paracingulate gyrus,paracingulate gyrus,UBERON:0022398,,,,,,,,,,,,,,,,,,,,,,,,,,,,,,,,
brain,brain,UBERON:0000955,forebrain (prosencephalon),forebrain,UBERON:0001890,gray matter of forebrain,gray matter of forebrain,UBERON:0019264,cerebral cortex,cerebral cortex,UBERON:0000956,frontal lobe,frontal lobe,UBERON:0016525,frontal operculum,frontal operculum,UBERON:0002947,,,,,,,,,,,,,,,,,,,,,,,,,,,,,,,,
brain,brain,UBERON:0000955,forebrain (prosencephalon),forebrain,UBERON:0001890,gray matter of forebrain,gray matter of forebrain,UBERON:0019264,cerebral cortex,cerebral cortex,UBERON:0000956,frontal lobe,frontal lobe,UBERON:0016525,orbital operculum,orbital operculum,UBERON:0002593,,,,,,,,,,,,,,,,,,,,,,,,,,,,,,,,
brain,brain,UBERON:0000955,forebrain (prosencephalon),forebrain,UBERON:0001890,gray matter of forebrain,gray matter of forebrain,UBERON:0019264,cerebral cortex,cerebral cortex,UBERON:0000956,frontal lobe,frontal lobe,UBERON:0016525,rostral gyrus,rostral gyrus,UBERON:0019280,superior rostral gyrus,superior rostral gyrus,UBERON:0019279,,,,,,,,,,,,,,,,,,,,,,,,,,,,,
brain,brain,UBERON:0000955,forebrain (prosencephalon),forebrain,UBERON:0001890,gray matter of forebrain,gray matter of forebrain,UBERON:0019264,cerebral cortex,cerebral cortex,UBERON:0000956,frontal lobe,frontal lobe,UBERON:0016525,rostral gyrus,rostral gyrus,UBERON:0019280,inferior rostral gyrus,inferior rostral gyrus,UBERON:0019278,,,,,,,,,,,,,,,,,,,,,,,,,,,,,
brain,brain,UBERON:0000955,forebrain (prosencephalon),forebrain,UBERON:0001890,gray matter of forebrain,gray matter of forebrain,UBERON:0019264,cerebral cortex,cerebral cortex,UBERON:0000956,frontal lobe,frontal lobe,UBERON:0016525,lateral olfactory gyrus,piriform cortex,UBERON:0004725,,,,,,,,,,,,,,,,,,,,,,,,,,,,,,,,
brain,brain,UBERON:0000955,forebrain (prosencephalon),forebrain,UBERON:0001890,gray matter of forebrain,gray matter of forebrain,UBERON:0019264,cerebral cortex,cerebral cortex,UBERON:0000956,frontal lobe,frontal lobe,UBERON:0016525,frontomarginal gyrus,,,,,,,,,,,,,,,,,,,,,,,,,,,,,,,,,,
brain,brain,UBERON:0000955,forebrain (prosencephalon),forebrain,UBERON:0001890,gray matter of forebrain,gray matter of forebrain,UBERON:0019264,cerebral cortex,cerebral cortex,UBERON:0000956,frontal lobe,frontal lobe,UBERON:0016525,frontal pole,,,,,,,,,,,,,,,,,,,,,,,,,,,,,,,,,,
brain,brain,UBERON:0000955,forebrain (prosencephalon),forebrain,UBERON:0001890,gray matter of forebrain,gray matter of forebrain,UBERON:0019264,cerebral cortex,cerebral cortex,UBERON:0000956,parietal lobe,parietal lobe,UBERON:0001872,postcentral gyrus,,,,,,,,,,,,,,,,,,,,,,,,,,,,,,,,,,
brain,brain,UBERON:0000955,forebrain (prosencephalon),forebrain,UBERON:0001890,gray matter of forebrain,gray matter of forebrain,UBERON:0019264,cerebral cortex,cerebral cortex,UBERON:0000956,parietal lobe,parietal lobe,UBERON:0001872,supraparietal lobule,,,,,,,,,,,,,,,,,,,,,,,,,,,,,,,,,,
brain,brain,UBERON:0000955,forebrain (prosencephalon),forebrain,UBERON:0001890,gray matter of forebrain,gray matter of forebrain,UBERON:0019264,cerebral cortex,cerebral cortex,UBERON:0000956,parietal lobe,parietal lobe,UBERON:0001872,inferior parietal lobule,,,supramarginal gyrus,supramarginal gyrus,UBERON:0002688,,,,,,,,,,,,,,,,,,,,,,,,,,,,,
brain,brain,UBERON:0000955,forebrain (prosencephalon),forebrain,UBERON:0001890,gray matter of forebrain,gray matter of forebrain,UBERON:0019264,cerebral cortex,cerebral cortex,UBERON:0000956,parietal lobe,parietal lobe,UBERON:0001872,inferior parietal lobule,,,angular gyrus,angular gyrus,UBERON:0002686,,,,,,,,,,,,,,,,,,,,,,,,,,,,,
brain,brain,UBERON:0000955,forebrain (prosencephalon),forebrain,UBERON:0001890,gray matter of forebrain,gray matter of forebrain,UBERON:0019264,cerebral cortex,cerebral cortex,UBERON:0000956,parietal lobe,parietal lobe,UBERON:0001872,precuneus,,,,,,,,,,,,,,,,,,,,,,,,,,,,,,,,,,
brain,brain,UBERON:0000955,forebrain (prosencephalon),forebrain,UBERON:0001890,gray matter of forebrain,gray matter of forebrain,UBERON:0019264,cerebral cortex,cerebral cortex,UBERON:0000956,parietal lobe,parietal lobe,UBERON:0001872,"paracentral lobule, caudal part",,,,,,,,,,,,,,,,,,,,,,,,,,,,,,,,,,
brain,brain,UBERON:0000955,forebrain (prosencephalon),forebrain,UBERON:0001890,gray matter of forebrain,gray matter of forebrain,UBERON:0019264,cerebral cortex,cerebral cortex,UBERON:0000956,parietal lobe,parietal lobe,UBERON:0001872,parietal operculum,,,,,,,,,,,,,,,,,,,,,,,,,,,,,,,,,,
brain,brain,UBERON:0000955,forebrain (prosencephalon),forebrain,UBERON:0001890,gray matter of forebrain,gray matter of forebrain,UBERON:0019264,cerebral cortex,cerebral cortex,UBERON:0000956,temporal lobe,temporal lobe,UBERON:0001871,superior temporal gyrus,,,,,,,,,,,,,,,,,,,,,,,,,,,,,,,,,,
brain,brain,UBERON:0000955,forebrain (prosencephalon),forebrain,UBERON:0001890,gray matter of forebrain,gray matter of forebrain,UBERON:0019264,cerebral cortex,cerebral cortex,UBERON:0000956,temporal lobe,temporal lobe,UBERON:0001871,middle temporal gyrus,,,,,,,,,,,,,,,,,,,,,,,,,,,,,,,,,,
brain,brain,UBERON:0000955,forebrain (prosencephalon),forebrain,UBERON:0001890,gray matter of forebrain,gray matter of forebrain,UBERON:0019264,cerebral cortex,cerebral cortex,UBERON:0000956,temporal lobe,temporal lobe,UBERON:0001871,inferior temporal gyrus,,,,,,,,,,,,,,,,,,,,,,,,,,,,,,,,,,
brain,brain,UBERON:0000955,forebrain (prosencephalon),forebrain,UBERON:0001890,gray matter of forebrain,gray matter of forebrain,UBERON:0019264,cerebral cortex,cerebral cortex,UBERON:0000956,temporal lobe,temporal lobe,UBERON:0001871,"occipitotemporal (fusiform) gyrus, temporal part",,,perirhinal gyrus ( rostral part of FuGt),,,,,,,,,,,,,,,,,,,,,,,,,,,,,,,
brain,brain,UBERON:0000955,forebrain (prosencephalon),forebrain,UBERON:0001890,gray matter of forebrain,gray matter of forebrain,UBERON:0019264,cerebral cortex,cerebral cortex,UBERON:0000956,temporal lobe,temporal lobe,UBERON:0001871,transverse temporal gyrus (Heschl's gyrus),,,rostral (anterior) transverse temporal gyrus,,,,,,,,,,,,,,,,,,,,,,,,,,,,,,,
brain,brain,UBERON:0000955,forebrain (prosencephalon),forebrain,UBERON:0001890,gray matter of forebrain,gray matter of forebrain,UBERON:0019264,cerebral cortex,cerebral cortex,UBERON:0000956,temporal lobe,temporal lobe,UBERON:0001871,transverse temporal gyrus (Heschl's gyrus),,,caudal (posterior) transverse temporal gyrus,,,,,,,,,,,,,,,,,,,,,,,,,,,,,,,
brain,brain,UBERON:0000955,forebrain (prosencephalon),forebrain,UBERON:0001890,gray matter of forebrain,gray matter of forebrain,UBERON:0019264,cerebral cortex,cerebral cortex,UBERON:0000956,temporal lobe,temporal lobe,UBERON:0001871,planum temporale,,,,,,,,,,,,,,,,,,,,,,,,,,,,,,,,,,
brain,brain,UBERON:0000955,forebrain (prosencephalon),forebrain,UBERON:0001890,gray matter of forebrain,gray matter of forebrain,UBERON:0019264,cerebral cortex,cerebral cortex,UBERON:0000956,temporal lobe,temporal lobe,UBERON:0001871,temporal pole,,,perirhinal lobule,,,,,,,,,,,,,,,,,,,,,,,,,,,,,,,
brain,brain,UBERON:0000955,forebrain (prosencephalon),forebrain,UBERON:0001890,gray matter of forebrain,gray matter of forebrain,UBERON:0019264,cerebral cortex,cerebral cortex,UBERON:0000956,temporal lobe,temporal lobe,UBERON:0001871,planum polare,,,,,,,,,,,,,,,,,,,,,,,,,,,,,,,,,,
brain,brain,UBERON:0000955,forebrain (prosencephalon),forebrain,UBERON:0001890,gray matter of forebrain,gray matter of forebrain,UBERON:0019264,cerebral cortex,cerebral cortex,UBERON:0000956,occipital lobe,occipital lobe,UBERON:0002021,occipital pole,,,,,,,,,,,,,,,,,,,,,,,,,,,,,,,,,,
brain,brain,UBERON:0000955,forebrain (prosencephalon),forebrain,UBERON:0001890,gray matter of forebrain,gray matter of forebrain,UBERON:0019264,cerebral cortex,cerebral cortex,UBERON:0000956,occipital lobe,occipital lobe,UBERON:0002021,occipitoparietal transition region,,,,,,,,,,,,,,,,,,,,,,,,,,,,,,,,,,
brain,brain,UBERON:0000955,forebrain (prosencephalon),forebrain,UBERON:0001890,gray matter of forebrain,gray matter of forebrain,UBERON:0019264,cerebral cortex,cerebral cortex,UBERON:0000956,occipital lobe,occipital lobe,UBERON:0002021,occipitotemporal transition region,,,,,,,,,,,,,,,,,,,,,,,,,,,,,,,,,,
brain,brain,UBERON:0000955,forebrain (prosencephalon),forebrain,UBERON:0001890,gray matter of forebrain,gray matter of forebrain,UBERON:0019264,cerebral cortex,cerebral cortex,UBERON:0000956,occipital lobe,occipital lobe,UBERON:0002021,cuneus,,,,,,,,,,,,,,,,,,,,,,,,,,,,,,,,,,
brain,brain,UBERON:0000955,forebrain (prosencephalon),forebrain,UBERON:0001890,gray matter of forebrain,gray matter of forebrain,UBERON:0019264,cerebral cortex,cerebral cortex,UBERON:0000956,occipital lobe,occipital lobe,UBERON:0002021,lingual gyrus,,,,,,,,,,,,,,,,,,,,,,,,,,,,,,,,,,
brain,brain,UBERON:0000955,forebrain (prosencephalon),forebrain,UBERON:0001890,gray matter of forebrain,gray matter of forebrain,UBERON:0019264,cerebral cortex,cerebral cortex,UBERON:0000956,occipital lobe,occipital lobe,UBERON:0002021,"occipitotemporal (fusiform) gyrus, occipital part",,,,,,,,,,,,,,,,,,,,,,,,,,,,,,,,,,
brain,brain,UBERON:0000955,forebrain (prosencephalon),forebrain,UBERON:0001890,gray matter of forebrain,gray matter of forebrain,UBERON:0019264,cerebral cortex,cerebral cortex,UBERON:0000956,occipital lobe,occipital lobe,UBERON:0002021,inferior occipital gyrus,,,,,,,,,,,,,,,,,,,,,,,,,,,,,,,,,,
brain,brain,UBERON:0000955,forebrain (prosencephalon),forebrain,UBERON:0001890,gray matter of forebrain,gray matter of forebrain,UBERON:0019264,cerebral cortex,cerebral cortex,UBERON:0000956,occipital lobe,occipital lobe,UBERON:0002021,superior occipital gyrus,,,,,,,,,,,,,,,,,,,,,,,,,,,,,,,,,,
brain,brain,UBERON:0000955,forebrain (prosencephalon),forebrain,UBERON:0001890,gray matter of forebrain,gray matter of forebrain,UBERON:0019264,cerebral cortex,cerebral cortex,UBERON:0000956,insular lobe,insula,UBERON:0002022,long insular gyri,,,,,,,,,,,,,,,,,,,,,,,,,,,,,,,,,,
brain,brain,UBERON:0000955,forebrain (prosencephalon),forebrain,UBERON:0001890,gray matter of forebrain,gray matter of forebrain,UBERON:0019264,cerebral cortex,cerebral cortex,UBERON:0000956,insular lobe,insula,UBERON:0002022,short insular gyri,,,,,,,,,,,,,,,,,,,,,,,,,,,,,,,,,,
brain,brain,UBERON:0000955,forebrain (prosencephalon),forebrain,UBERON:0001890,gray matter of forebrain,gray matter of forebrain,UBERON:0019264,cerebral cortex,cerebral cortex,UBERON:0000956,limbic lobe,limbic lobe,UBERON:0002600,cingulate gyrus,,,"cingulate gyrus, rostral (anterior) part",,,,,,,,,,,,,,,,,,,,,,,,,,,,,,,
brain,brain,UBERON:0000955,forebrain (prosencephalon),forebrain,UBERON:0001890,gray matter of forebrain,gray matter of forebrain,UBERON:0019264,cerebral cortex,cerebral cortex,UBERON:0000956,limbic lobe,limbic lobe,UBERON:0002600,cingulate gyrus,,,"cingulate gyrus, caudal (posterior) part",,,,,,,,,,,,,,,,,,,,,,,,,,,,,,,
brain,brain,UBERON:0000955,forebrain (prosencephalon),forebrain,UBERON:0001890,gray matter of forebrain,gray matter of forebrain,UBERON:0019264,cerebral cortex,cerebral cortex,UBERON:0000956,limbic lobe,limbic lobe,UBERON:0002600,cingulate gyrus,,,"cingulate gyrus, retrospleninal part",,,,,,,,,,,,,,,,,,,,,,,,,,,,,,,
brain,brain,UBERON:0000955,forebrain (prosencephalon),forebrain,UBERON:0001890,gray matter of forebrain,gray matter of forebrain,UBERON:0019264,cerebral cortex,cerebral cortex,UBERON:0000956,limbic lobe,limbic lobe,UBERON:0002600,cingulo-parahippocampal isthmus,,,,,,,,,,,,,,,,,,,,,,,,,,,,,,,,,,
brain,brain,UBERON:0000955,forebrain (prosencephalon),forebrain,UBERON:0001890,gray matter of forebrain,gray matter of forebrain,UBERON:0019264,cerebral cortex,cerebral cortex,UBERON:0000956,limbic lobe,limbic lobe,UBERON:0002600,subcallosal gyrus (parolfactory gyrus),,,,,,,,,,,,,,,,,,,,,,,,,,,,,,,,,,
brain,brain,UBERON:0000955,forebrain (prosencephalon),forebrain,UBERON:0001890,gray matter of forebrain,gray matter of forebrain,UBERON:0019264,cerebral cortex,cerebral cortex,UBERON:0000956,limbic lobe,limbic lobe,UBERON:0002600,paraterminal gyrus,,,,,,,,,,,,,,,,,,,,,,,,,,,,,,,,,,
brain,brain,UBERON:0000955,forebrain (prosencephalon),forebrain,UBERON:0001890,gray matter of forebrain,gray matter of forebrain,UBERON:0019264,cerebral cortex,cerebral cortex,UBERON:0000956,limbic lobe,limbic lobe,UBERON:0002600,parahippocampal gyrus,,,anterior parahippocampal gyrus,,,,,,,,,,,,,,,,,,,,,,,,,,,,,,,
brain,brain,UBERON:0000955,forebrain (prosencephalon),forebrain,UBERON:0001890,gray matter of forebrain,gray matter of forebrain,UBERON:0019264,cerebral cortex,cerebral cortex,UBERON:0000956,limbic lobe,limbic lobe,UBERON:0002600,parahippocampal gyrus,,,posterior parahippocampal gyrus,,,,,,,,,,,,,,,,,,,,,,,,,,,,,,,
brain,brain,UBERON:0000955,forebrain (prosencephalon),forebrain,UBERON:0001890,gray matter of forebrain,gray matter of forebrain,UBERON:0019264,cerebral cortex,cerebral cortex,UBERON:0000956,limbic lobe,limbic lobe,UBERON:0002600,parahippocampal gyrus,,,uncus of parahippocampal gyrus,,,,,,,,,,,,,,,,,,,,,,,,,,,,,,,
brain,brain,UBERON:0000955,forebrain (prosencephalon),forebrain,UBERON:0001890,gray matter of forebrain,gray matter of forebrain,UBERON:0019264,cerebral cortex,cerebral cortex,UBERON:0000956,limbic lobe,limbic lobe,UBERON:0002600,hippocampal gyrus (formation),,,head of hippocampus,,,,,,,,,,,,,,,,,,,,,,,,,,,,,,,
brain,brain,UBERON:0000955,forebrain (prosencephalon),forebrain,UBERON:0001890,gray matter of forebrain,gray matter of forebrain,UBERON:0019264,cerebral cortex,cerebral cortex,UBERON:0000956,limbic lobe,limbic lobe,UBERON:0002600,hippocampal gyrus (formation),,,body of hippocampus,,,,,,,,,,,,,,,,,,,,,,,,,,,,,,,
brain,brain,UBERON:0000955,forebrain (prosencephalon),forebrain,UBERON:0001890,gray matter of forebrain,gray matter of forebrain,UBERON:0019264,cerebral cortex,cerebral cortex,UBERON:0000956,limbic lobe,limbic lobe,UBERON:0002600,hippocampal gyrus (formation),,,subicular complex,,,,,,,,,,,,,,,,,,,,,,,,,,,,,,,
brain,brain,UBERON:0000955,forebrain (prosencephalon),forebrain,UBERON:0001890,gray matter of forebrain,gray matter of forebrain,UBERON:0019264,cerebral cortex,cerebral cortex,UBERON:0000956,limbic lobe,limbic lobe,UBERON:0002600,prepiriform region,,,,,,,,,,,,,,,,,,,,,,,,,,,,,,,,,,
brain,brain,UBERON:0000955,forebrain (prosencephalon),forebrain,UBERON:0001890,gray matter of forebrain,gray matter of forebrain,UBERON:0019264,cerebral cortex,cerebral cortex,UBERON:0000956,limbic lobe,limbic lobe,UBERON:0002600,Olfactory bulb,,,,,,,,,,,,,,,,,,,,,,,,,,,,,,,,,,
brain,brain,UBERON:0000955,forebrain (prosencephalon),forebrain,UBERON:0001890,gray matter of forebrain,gray matter of forebrain,UBERON:0019264,amygdaloid complex,,,anterior amygdalar area,,,,,,,,,,,,,,,,,,,,,,,,,,,,,,,,,,,,,
brain,brain,UBERON:0000955,forebrain (prosencephalon),forebrain,UBERON:0001890,gray matter of forebrain,gray matter of forebrain,UBERON:0019264,amygdaloid complex,,,anterior cortical nucleus,,,,,,,,,,,,,,,,,,,,,,,,,,,,,,,,,,,,,
brain,brain,UBERON:0000955,forebrain (prosencephalon),forebrain,UBERON:0001890,gray matter of forebrain,gray matter of forebrain,UBERON:0019264,amygdaloid complex,,,posterior cortical nucleus,,,,,,,,,,,,,,,,,,,,,,,,,,,,,,,,,,,,,
brain,brain,UBERON:0000955,forebrain (prosencephalon),forebrain,UBERON:0001890,gray matter of forebrain,gray matter of forebrain,UBERON:0019264,amygdaloid complex,,,medial nucleus,,,,,,,,,,,,,,,,,,,,,,,,,,,,,,,,,,,,,
brain,brain,UBERON:0000955,forebrain (prosencephalon),forebrain,UBERON:0001890,gray matter of forebrain,gray matter of forebrain,UBERON:0019264,amygdaloid complex,,,lateral nucleus,,,,,,,,,,,,,,,,,,,,,,,,,,,,,,,,,,,,,
brain,brain,UBERON:0000955,forebrain (prosencephalon),forebrain,UBERON:0001890,gray matter of forebrain,gray matter of forebrain,UBERON:0019264,amygdaloid complex,,,basolateral nucleus,,,,,,,,,,,,,,,,,,,,,,,,,,,,,,,,,,,,,
brain,brain,UBERON:0000955,forebrain (prosencephalon),forebrain,UBERON:0001890,gray matter of forebrain,gray matter of forebrain,UBERON:0019264,amygdaloid complex,,,basomedial nucleus,,,,,,,,,,,,,,,,,,,,,,,,,,,,,,,,,,,,,
brain,brain,UBERON:0000955,forebrain (prosencephalon),forebrain,UBERON:0001890,gray matter of forebrain,gray matter of forebrain,UBERON:0019264,amygdaloid complex,,,central nuclear group,,,,,,,,,,,,,,,,,,,,,,,,,,,,,,,,,,,,,
brain,brain,UBERON:0000955,forebrain (prosencephalon),forebrain,UBERON:0001890,gray matter of forebrain,gray matter of forebrain,UBERON:0019264,amygdaloid complex,,,amygdalohippocampal area,,,,,,,,,,,,,,,,,,,,,,,,,,,,,,,,,,,,,
brain,brain,UBERON:0000955,forebrain (prosencephalon),forebrain,UBERON:0001890,gray matter of forebrain,gray matter of forebrain,UBERON:0019264,amygdaloid complex,,,bed nucleus of stria terminalis,,,,,,,,,,,,,,,,,,,,,,,,,,,,,,,,,,,,,
brain,brain,UBERON:0000955,forebrain (prosencephalon),forebrain,UBERON:0001890,gray matter of forebrain,gray matter of forebrain,UBERON:0019264,basal nuclei (basal ganglia),,,caudate nucleus,,,,,,,,,,,,,,,,,,,,,,,,,,,,,,,,,,,,,
brain,brain,UBERON:0000955,forebrain (prosencephalon),forebrain,UBERON:0001890,gray matter of forebrain,gray matter of forebrain,UBERON:0019264,basal nuclei (basal ganglia),,,putamen,,,,,,,,,,,,,,,,,,,,,,,,,,,,,,,,,,,,,
brain,brain,UBERON:0000955,forebrain (prosencephalon),forebrain,UBERON:0001890,gray matter of forebrain,gray matter of forebrain,UBERON:0019264,basal nuclei (basal ganglia),,,mucleus accumbens,,,,,,,,,,,,,,,,,,,,,,,,,,,,,,,,,,,,,
brain,brain,UBERON:0000955,forebrain (prosencephalon),forebrain,UBERON:0001890,gray matter of forebrain,gray matter of forebrain,UBERON:0019264,basal nuclei (basal ganglia),,,"globus pallidus, internal",,,,,,,,,,,,,,,,,,,,,,,,,,,,,,,,,,,,,
brain,brain,UBERON:0000955,forebrain (prosencephalon),forebrain,UBERON:0001890,gray matter of forebrain,gray matter of forebrain,UBERON:0019264,basal nuclei (basal ganglia),,,"globus pallidus, external",,,,,,,,,,,,,,,,,,,,,,,,,,,,,,,,,,,,,
brain,brain,UBERON:0000955,forebrain (prosencephalon),forebrain,UBERON:0001890,gray matter of forebrain,gray matter of forebrain,UBERON:0019264,claustrum,,,,,,,,,,,,,,,,,,,,,,,,,,,,,,,,,,,,,,,,
brain,brain,UBERON:0000955,forebrain (prosencephalon),forebrain,UBERON:0001890,gray matter of forebrain,gray matter of forebrain,UBERON:0019264,basal forebrain,,,septal nuclei,,,,,,,,,,,,,,,,,,,,,,,,,,,,,,,,,,,,,
brain,brain,UBERON:0000955,forebrain (prosencephalon),forebrain,UBERON:0001890,gray matter of forebrain,gray matter of forebrain,UBERON:0019264,basal forebrain,,,substantia Innominata,,,,,,,,,,,,,,,,,,,,,,,,,,,,,,,,,,,,,
brain,brain,UBERON:0000955,forebrain (prosencephalon),forebrain,UBERON:0001890,gray matter of forebrain,gray matter of forebrain,UBERON:0019264,thalamus,,,dorsal thalamus,,,anterior nuclear complex,,,,,,,,,,,,,,,,,,,,,,,,,,,,,,,,,,
brain,brain,UBERON:0000955,forebrain (prosencephalon),forebrain,UBERON:0001890,gray matter of forebrain,gray matter of forebrain,UBERON:0019264,thalamus,,,dorsal thalamus,,,mediodorsal nucleus of thalamus,,,,,,,,,,,,,,,,,,,,,,,,,,,,,,,,,,
brain,brain,UBERON:0000955,forebrain (prosencephalon),forebrain,UBERON:0001890,gray matter of forebrain,gray matter of forebrain,UBERON:0019264,thalamus,,,dorsal thalamus,,,reunions nucleus of thalamus,,,,,,,,,,,,,,,,,,,,,,,,,,,,,,,,,,
brain,brain,UBERON:0000955,forebrain (prosencephalon),forebrain,UBERON:0001890,gray matter of forebrain,gray matter of forebrain,UBERON:0019264,thalamus,,,dorsal thalamus,,,lateral posterior nucleus,,,,,,,,,,,,,,,,,,,,,,,,,,,,,,,,,,
brain,brain,UBERON:0000955,forebrain (prosencephalon),forebrain,UBERON:0001890,gray matter of forebrain,gray matter of forebrain,UBERON:0019264,thalamus,,,dorsal thalamus,,,pulvinar of thalamus,,,,,,,,,,,,,,,,,,,,,,,,,,,,,,,,,,
brain,brain,UBERON:0000955,forebrain (prosencephalon),forebrain,UBERON:0001890,gray matter of forebrain,gray matter of forebrain,UBERON:0019264,thalamus,,,dorsal thalamus,,,ventral anterior nucleus,,,,,,,,,,,,,,,,,,,,,,,,,,,,,,,,,,
brain,brain,UBERON:0000955,forebrain (prosencephalon),forebrain,UBERON:0001890,gray matter of forebrain,gray matter of forebrain,UBERON:0019264,thalamus,,,dorsal thalamus,,,ventral lateral nucleus,,,,,,,,,,,,,,,,,,,,,,,,,,,,,,,,,,
brain,brain,UBERON:0000955,forebrain (prosencephalon),forebrain,UBERON:0001890,gray matter of forebrain,gray matter of forebrain,UBERON:0019264,thalamus,,,dorsal thalamus,,,ventral posterior medial nucleus,,,,,,,,,,,,,,,,,,,,,,,,,,,,,,,,,,
brain,brain,UBERON:0000955,forebrain (prosencephalon),forebrain,UBERON:0001890,gray matter of forebrain,gray matter of forebrain,UBERON:0019264,thalamus,,,dorsal thalamus,,,ventral posterior lateral nucleus,,,,,,,,,,,,,,,,,,,,,,,,,,,,,,,,,,
brain,brain,UBERON:0000955,forebrain (prosencephalon),forebrain,UBERON:0001890,gray matter of forebrain,gray matter of forebrain,UBERON:0019264,thalamus,,,dorsal thalamus,,,lateral geniculate nuclei,,,,,,,,,,,,,,,,,,,,,,,,,,,,,,,,,,
brain,brain,UBERON:0000955,forebrain (prosencephalon),forebrain,UBERON:0001890,gray matter of forebrain,gray matter of forebrain,UBERON:0019264,thalamus,,,dorsal thalamus,,,medial geniculate nuclei,,,,,,,,,,,,,,,,,,,,,,,,,,,,,,,,,,
brain,brain,UBERON:0000955,forebrain (prosencephalon),forebrain,UBERON:0001890,gray matter of forebrain,gray matter of forebrain,UBERON:0019264,thalamus,,,dorsal thalamus,,,parafascicular nucleus,,,,,,,,,,,,,,,,,,,,,,,,,,,,,,,,,,
brain,brain,UBERON:0000955,forebrain (prosencephalon),forebrain,UBERON:0001890,gray matter of forebrain,gray matter of forebrain,UBERON:0019264,thalamus,,,dorsal thalamus,,,centromedian nucleus,,,,,,,,,,,,,,,,,,,,,,,,,,,,,,,,,,
brain,brain,UBERON:0000955,forebrain (prosencephalon),forebrain,UBERON:0001890,gray matter of forebrain,gray matter of forebrain,UBERON:0019264,thalamus,,,dorsal thalamus,,,midline nuclear complex,,,,,,,,,,,,,,,,,,,,,,,,,,,,,,,,,,
brain,brain,UBERON:0000955,forebrain (prosencephalon),forebrain,UBERON:0001890,gray matter of forebrain,gray matter of forebrain,UBERON:0019264,thalamus,,,ventral thalamus,,,zona Incerta,,,,,,,,,,,,,,,,,,,,,,,,,,,,,,,,,,
brain,brain,UBERON:0000955,forebrain (prosencephalon),forebrain,UBERON:0001890,gray matter of forebrain,gray matter of forebrain,UBERON:0019264,thalamus,,,epithalamus,,,habenular nuclei,,,,,,,,,,,,,,,,,,,,,,,,,,,,,,,,,,
brain,brain,UBERON:0000955,forebrain (prosencephalon),forebrain,UBERON:0001890,gray matter of forebrain,gray matter of forebrain,UBERON:0019264,thalamus,,,epithalamus,,,paraventricular nucleus of thalamus,,,,,,,,,,,,,,,,,,,,,,,,,,,,,,,,,,
brain,brain,UBERON:0000955,forebrain (prosencephalon),forebrain,UBERON:0001890,gray matter of forebrain,gray matter of forebrain,UBERON:0019264,thalamus,,,epithalamus,,,pineal body,,,,,,,,,,,,,,,,,,,,,,,,,,,,,,,,,,
brain,brain,UBERON:0000955,forebrain (prosencephalon),forebrain,UBERON:0001890,gray matter of forebrain,gray matter of forebrain,UBERON:0019264,thalamus,,,reticular formation of thalamus,,,,,,,,,,,,,,,,,,,,,,,,,,,,,,,,,,,,,
brain,brain,UBERON:0000955,forebrain (prosencephalon),forebrain,UBERON:0001890,gray matter of forebrain,gray matter of forebrain,UBERON:0019264,thalamus,,,subthalamic nucleus (subthalamus),,,,,,,,,,,,,,,,,,,,,,,,,,,,,,,,,,,,,
brain,brain,UBERON:0000955,forebrain (prosencephalon),forebrain,UBERON:0001890,gray matter of forebrain,gray matter of forebrain,UBERON:0019264,hypothalamus,,,preoptic region,,,,,,,,,,,,,,,,,,,,,,,,,,,,,,,,,,,,,
brain,brain,UBERON:0000955,forebrain (prosencephalon),forebrain,UBERON:0001890,gray matter of forebrain,gray matter of forebrain,UBERON:0019264,hypothalamus,,,supraoptic region,,,,,,,,,,,,,,,,,,,,,,,,,,,,,,,,,,,,,
brain,brain,UBERON:0000955,forebrain (prosencephalon),forebrain,UBERON:0001890,gray matter of forebrain,gray matter of forebrain,UBERON:0019264,hypothalamus,,,tuberal region,,,,,,,,,,,,,,,,,,,,,,,,,,,,,,,,,,,,,
brain,brain,UBERON:0000955,forebrain (prosencephalon),forebrain,UBERON:0001890,gray matter of forebrain,gray matter of forebrain,UBERON:0019264,hypothalamus,,,mammillary region,,,mammillary nucleus,,,,,,,,,,,,,,,,,,,,,,,,,,,,,,,,,,
brain,brain,UBERON:0000955,forebrain (prosencephalon),forebrain,UBERON:0001890,white matter of forebrain,white matter of forebrain,UBERON:0019261,anterior commissure,,,,,,,,,,,,,,,,,,,,,,,,,,,,,,,,,,,,,,,,
brain,brain,UBERON:0000955,forebrain (prosencephalon),forebrain,UBERON:0001890,white matter of forebrain,white matter of forebrain,UBERON:0019261,corpus callosum (midline portion),,,,,,,,,,,,,,,,,,,,,,,,,,,,,,,,,,,,,,,,
brain,brain,UBERON:0000955,forebrain (prosencephalon),forebrain,UBERON:0001890,white matter of forebrain,white matter of forebrain,UBERON:0019261,fornix,,,,,,,,,,,,,,,,,,,,,,,,,,,,,,,,,,,,,,,,
brain,brain,UBERON:0000955,forebrain (prosencephalon),forebrain,UBERON:0001890,white matter of forebrain,white matter of forebrain,UBERON:0019261,internal capsule,,,,,,,,,,,,,,,,,,,,,,,,,,,,,,,,,,,,,,,,
brain,brain,UBERON:0000955,forebrain (prosencephalon),forebrain,UBERON:0001890,white matter of forebrain,white matter of forebrain,UBERON:0019261,mammillothalamic tract,,,,,,,,,,,,,,,,,,,,,,,,,,,,,,,,,,,,,,,,
brain,brain,UBERON:0000955,forebrain (prosencephalon),forebrain,UBERON:0001890,white matter of forebrain,white matter of forebrain,UBERON:0019261,olfactory tract,,,,,,,,,,,,,,,,,,,,,,,,,,,,,,,,,,,,,,,,
brain,brain,UBERON:0000955,forebrain (prosencephalon),forebrain,UBERON:0001890,white matter of forebrain,white matter of forebrain,UBERON:0019261,optic radiation,,,,,,,,,,,,,,,,,,,,,,,,,,,,,,,,,,,,,,,,
brain,brain,UBERON:0000955,forebrain (prosencephalon),forebrain,UBERON:0001890,white matter of forebrain,white matter of forebrain,UBERON:0019261,optic tract,,,,,,,,,,,,,,,,,,,,,,,,,,,,,,,,,,,,,,,,
brain,brain,UBERON:0000955,forebrain (prosencephalon),forebrain,UBERON:0001890,ventricle of forebrain,,,lateral ventricles,telencephalic ventricle,UBERON:0002285,anterior horn of lateral ventricle,anterior horn of lateral ventricle,UBERON:0002651,,,,,,,,,,,,,,,,,,,,,,,,,,,,,,,,,,,
brain,brain,UBERON:0000955,forebrain (prosencephalon),forebrain,UBERON:0001890,ventricle of forebrain,,,lateral ventricles,telencephalic ventricle,UBERON:0002285,body of lateral ventricle,body of lateral ventricle,UBERON:0002655,,,,,,,,,,,,,,,,,,,,,,,,,,,,,,,,,,,
brain,brain,UBERON:0000955,forebrain (prosencephalon),forebrain,UBERON:0001890,ventricle of forebrain,,,lateral ventricles,telencephalic ventricle,UBERON:0002285,atrium of lateral ventricle,no good match,no good match,,,,,,,,,,,,,,,,,,,,,,,,,,,,,,,,,,,
brain,brain,UBERON:0000955,forebrain (prosencephalon),forebrain,UBERON:0001890,ventricle of forebrain,,,lateral ventricles,telencephalic ventricle,UBERON:0002285,posterior horn of lateral ventricle,posterior horn lateral ventricle,UBERON:0004672,,,,,,,,,,,,,,,,,,,,,,,,,,,,,,,,,,,
brain,brain,UBERON:0000955,forebrain (prosencephalon),forebrain,UBERON:0001890,ventricle of forebrain,,,lateral ventricles,telencephalic ventricle,UBERON:0002285,inferior horn of lateral ventricle,inferior horn of the lateral ventricle,UBERON:0006091,,,,,,,,,,,,,,,,,,,,,,,,,,,,,,,,,,,
brain,brain,UBERON:0000955,forebrain (prosencephalon),forebrain,UBERON:0001890,ventricle of forebrain,,,third ventricle,third ventricle,UBERON:0002286,,,,,,,,,,,,,,,,,,,,,,,,,,,,,,,,,,,,,,
brain,brain,UBERON:0000955,midbrain (mesencephalon),midbrain,UBERON:0001891,gray matter of midbrain,gray matter of midbrain,UBERON:0019267,Pretectal region,Pretectal region,UBERON:0001944,,,,,,,,,,,,,,,,,,,,,,,,,,,,,,,,,,,,,,
brain,brain,UBERON:0000955,midbrain (mesencephalon),midbrain,UBERON:0001891,gray matter of midbrain,gray matter of midbrain,UBERON:0019267,midbrain tegmentum,midbrain tegmentum,UBERON:0001943,,,,,,,,,,,,,,,,,,,,,,,,,,,,,,,,,,,,,,
brain,brain,UBERON:0000955,midbrain (mesencephalon),midbrain,UBERON:0001891,gray matter of midbrain,gray matter of midbrain,UBERON:0019267,periaqueductal gray substance,central gray substance of midbrain,UBERON:0003040,,,,,,,,,,,,,,,,,,,,,,,,,,,,,,,,,,,,,,
brain,brain,UBERON:0000955,midbrain (mesencephalon),midbrain,UBERON:0001891,gray matter of midbrain,gray matter of midbrain,UBERON:0019267,red nucleus,,,,,,,,,,,,,,,,,,,,,,,,,,,,,,,,,,,,,,,,
brain,brain,UBERON:0000955,midbrain (mesencephalon),midbrain,UBERON:0001891,gray matter of midbrain,gray matter of midbrain,UBERON:0019267,substantia nigra,,,,,,,,,,,,,,,,,,,,,,,,,,,,,,,,,,,,,,,,
brain,brain,UBERON:0000955,midbrain (mesencephalon),midbrain,UBERON:0001891,gray matter of midbrain,gray matter of midbrain,UBERON:0019267,superior colliculus,,,,,,,,,,,,,,,,,,,,,,,,,,,,,,,,,,,,,,,,
brain,brain,UBERON:0000955,midbrain (mesencephalon),midbrain,UBERON:0001891,gray matter of midbrain,gray matter of midbrain,UBERON:0019267,inferior colliculus,,,,,,,,,,,,,,,,,,,,,,,,,,,,,,,,,,,,,,,,
brain,brain,UBERON:0000955,midbrain (mesencephalon),midbrain,UBERON:0001891,white matter of midbrain,white matter of midbrain,UBERON:0016554,cerebral peduncle,,,,,,,,,,,,,,,,,,,,,,,,,,,,,,,,,,,,,,,,
brain,brain,UBERON:0000955,midbrain (mesencephalon),midbrain,UBERON:0001891,ventricle of midbrain (cerebral aqueduct),midbrain cerebral aqueduct,UBERON:0002289,,,,,,,,,,,,,,,,,,,,,,,,,,,,,,,,,,,,,,,,,
brain,brain,UBERON:0000955,hindbrain (rhombencephalon),hindbrain,UBERON:0002028,gray matter of hindbrain,gray matter of hindbrain,UBERON:0019263,cerebellum,cerebellum,UBERON:0002037,cerebellar cortex,,,,,,,,,,,,,,,,,,,,,,,,,,,,,,,,,,,,,
brain,brain,UBERON:0000955,hindbrain (rhombencephalon),hindbrain,UBERON:0002028,gray matter of hindbrain,gray matter of hindbrain,UBERON:0019263,cerebellum,cerebellum,UBERON:0002037,paravermis of cerebellum,,,,,,,,,,,,,,,,,,,,,,,,,,,,,,,,,,,,,
brain,brain,UBERON:0000955,hindbrain (rhombencephalon),hindbrain,UBERON:0002028,gray matter of hindbrain,gray matter of hindbrain,UBERON:0019263,cerebellum,cerebellum,UBERON:0002037,lateral hemisphere of cerebellum,,,,,,,,,,,,,,,,,,,,,,,,,,,,,,,,,,,,,
brain,brain,UBERON:0000955,hindbrain (rhombencephalon),hindbrain,UBERON:0002028,gray matter of hindbrain,gray matter of hindbrain,UBERON:0019263,cerebellum,cerebellum,UBERON:0002037,cerebellar vermis,cerebellar vermis,UBERON:0004720,,,,,,,,,,,,,,,,,,,,,,,,,,,,,,,,,,,
brain,brain,UBERON:0000955,hindbrain (rhombencephalon),hindbrain,UBERON:0002028,gray matter of hindbrain,gray matter of hindbrain,UBERON:0019263,cerebellum,cerebellum,UBERON:0002037,cerebellar deep nuclei,no good match,no good match,,,,,,,,,,,,,,,,,,,,,,,,,,,,,,,,,,,
brain,brain,UBERON:0000955,hindbrain (rhombencephalon),hindbrain,UBERON:0002028,gray matter of hindbrain,gray matter of hindbrain,UBERON:0019263,pons,pons,UBERON:0000988,pontine tegmentum,pontine tegmentum,UBERON:0003023,vestibular nuclei,vestibular nucleus,UBERON:0007228,,,,,,,,,,,,,,,,,,,,,,,,,,,,,,,,
brain,brain,UBERON:0000955,hindbrain (rhombencephalon),hindbrain,UBERON:0002028,gray matter of hindbrain,gray matter of hindbrain,UBERON:0019263,pons,pons,UBERON:0000988,pontine tegmentum,pontine tegmentum,UBERON:0003023,parabrachial nuclei,parabrachial nucleus,UBERON:0007634,,,,,,,,,,,,,,,,,,,,,,,,,,,,,,,,
brain,brain,UBERON:0000955,hindbrain (rhombencephalon),hindbrain,UBERON:0002028,gray matter of hindbrain,gray matter of hindbrain,UBERON:0019263,pons,pons,UBERON:0000988,basilar part of pons (Pontine nuclei),pontine nuclear group,UBERON:0002151,,,,,,,,,,,,,,,,,,,,,,,,,,,,,,,,,,,
brain,brain,UBERON:0000955,hindbrain (rhombencephalon),hindbrain,UBERON:0002028,gray matter of hindbrain,gray matter of hindbrain,UBERON:0019263,medulla oblongata,medulla oblongata,UBERON:0001896,tegmentum of the medulla,tegmentum,UBERON:0024151,spinal trigeminal nucleus,spinal nucleus of trigeminal nerve,UBERON:0001717,,,,,,,,,,,,,,,,,,,,,,,,,,,,,,,,
brain,brain,UBERON:0000955,hindbrain (rhombencephalon),hindbrain,UBERON:0002028,gray matter of hindbrain,gray matter of hindbrain,UBERON:0019263,medulla oblongata,medulla oblongata,,tegmentum of the medulla,tegmentum,UBERON:0024151,inferior olive,,,,,,,,,,,,,,,,,,,,,,,,,,,,,,,,,,
brain,brain,UBERON:0000955,hindbrain (rhombencephalon),hindbrain,UBERON:0002028,white matter of hindbrain,white matter of hindbrain,UBERON:0019258,pyramidal tract,corticospinal tract,UBERON:0002707,,,,,,,,,,,,,,,,,,,,,,,,,,,,,,,,,,,,,,
brain,brain,UBERON:0000955,hindbrain (rhombencephalon),hindbrain,UBERON:0002028,white matter of hindbrain,white matter of hindbrain,UBERON:0019258,superior cerebellar peduncle,superior cerebellar peduncle,UBERON:0002150,,,,,,,,,,,,,,,,,,,,,,,,,,,,,,,,,,,,,,
brain,brain,UBERON:0000955,hindbrain (rhombencephalon),hindbrain,UBERON:0002028,white matter of hindbrain,white matter of hindbrain,UBERON:0019258,middle cerebellar peduncle,middle cerebellar peduncle,UBERON:0002152,,,,,,,,,,,,,,,,,,,,,,,,,,,,,,,,,,,,,,
brain,brain,UBERON:0000955,hindbrain (rhombencephalon),hindbrain,UBERON:0002028,white matter of hindbrain,white matter of hindbrain,UBERON:0019258,inferior cerebellar peduncle,inferior cerebellar peduncle,UBERON:0002163,,,,,,,,,,,,,,,,,,,,,,,,,,,,,,,,,,,,,,
brain,brain,UBERON:0000955,hindbrain (rhombencephalon),hindbrain,UBERON:0002028,ventricles of hindbrain,brain ventricle,UBERON:0004086,fourth ventricle,fourth ventricle,UBERON:0002422,,,,,,,,,,,,,,,,,,,,,,,,,,,,,,,,,,,,,,
brain,brain,UBERON:0000955,hindbrain (rhombencephalon),hindbrain,UBERON:0002028,ventricles of hindbrain,brain ventricle,UBERON:0004086,central canal of medulla oblongata,central canal of spinal cord,UBERON:0002291,,,,,,,,,,,,,,,,,,,,,,,,,,,,,,,,,,,,,,
